boolq_id,pred_L6,comp_L6,corr_L6,label_L6,answered_L6,idk_L6,anscorr_L6
dev_0001,i,False,,idk,False,True,
dev_0002,yes,True,False,yes,True,False,False
dev_0004,yes,True,False,yes,True,False,False
dev_0008,no,True,True,no,True,False,True
dev_0009,yes,True,False,yes,True,False,False
dev_0013,yes,True,False,yes,True,False,False
dev_0015,yes,True,False,yes,True,False,False
dev_0020,yes,True,False,yes,True,False,False
dev_0021,no,True,True,no,True,False,True
dev_0022,yes,True,False,yes,True,False,False
dev_0023,i,False,,idk,False,True,
dev_0025,no,True,True,no,True,False,True
dev_0027,yes,True,False,yes,True,False,False
dev_0031,yes,True,False,yes,True,False,False
dev_0033,no,True,True,no,True,False,True
dev_0038,i,False,,idk,False,True,
dev_0039,no,True,True,no,True,False,True
dev_0040,no,True,True,no,True,False,True
dev_0043,yes,True,False,yes,True,False,False
dev_0047,yes,True,False,yes,True,False,False
dev_0052,yes,True,False,yes,True,False,False
dev_0055,yes,True,False,yes,True,False,False
dev_0059,yes,True,False,yes,True,False,False
dev_0061,no,True,True,no,True,False,True
dev_0065,yes,True,False,yes,True,False,False
dev_0066,yes,True,False,yes,True,False,False
dev_0068,no,True,True,no,True,False,True
dev_0070,yes,True,False,yes,True,False,False
dev_0072,i,False,,idk,False,True,
dev_0073,i,False,,idk,False,True,
dev_0076,no,True,True,no,True,False,True
dev_0078,i,False,,idk,False,True,
dev_0080,i,False,,idk,False,True,
dev_0083,yes,True,False,yes,True,False,False
dev_0085,i,False,,idk,False,True,
dev_0086,yes,True,False,yes,True,False,False
dev_0087,no,True,True,no,True,False,True
dev_0088,yes,True,False,yes,True,False,False
dev_0089,i,False,,idk,False,True,
dev_0091,yes,True,False,yes,True,False,False
dev_0095,yes,True,False,yes,True,False,False
dev_0100,i,False,,idk,False,True,
dev_0105,no,True,True,no,True,False,True
dev_0107,yes,True,False,yes,True,False,False
dev_0116,yes,True,False,yes,True,False,False
dev_0120,no,True,True,no,True,False,True
dev_0121,yes,True,False,yes,True,False,False
dev_0123,no,True,True,no,True,False,True
dev_0124,no,True,True,no,True,False,True
dev_0125,no,True,True,no,True,False,True
dev_0126,no,True,True,no,True,False,True
dev_0129,yes,True,False,yes,True,False,False
dev_0131,i,False,,idk,False,True,
dev_0132,yes,True,False,yes,True,False,False
dev_0136,yes,True,False,yes,True,False,False
dev_0138,yes,True,False,yes,True,False,False
dev_0142,no,True,True,no,True,False,True
dev_0147,yes,True,False,yes,True,False,False
dev_0148,yes,True,False,yes,True,False,False
dev_0151,no,True,True,no,True,False,True
dev_0153,yes,True,False,yes,True,False,False
dev_0157,no,True,True,no,True,False,True
dev_0159,yes,True,False,yes,True,False,False
dev_0161,yes,True,False,yes,True,False,False
dev_0163,no,True,True,no,True,False,True
dev_0165,yes,True,False,yes,True,False,False
dev_0166,i,False,,idk,False,True,
dev_0170,no,True,True,no,True,False,True
dev_0178,yes,True,False,yes,True,False,False
dev_0179,no,True,True,no,True,False,True
dev_0184,no,True,True,no,True,False,True
dev_0190,yes,True,False,yes,True,False,False
dev_0191,no,True,True,no,True,False,True
dev_0193,yes,True,False,yes,True,False,False
dev_0195,yes,True,False,yes,True,False,False
dev_0196,yes,True,False,yes,True,False,False
dev_0198,i,False,,idk,False,True,
dev_0200,yes,True,False,yes,True,False,False
dev_0202,i,False,,idk,False,True,
dev_0207,no,True,True,no,True,False,True
dev_0209,no,True,True,no,True,False,True
dev_0210,yes,True,False,yes,True,False,False
dev_0211,yes,True,False,yes,True,False,False
dev_0212,no,True,True,no,True,False,True
dev_0214,yes,True,False,yes,True,False,False
dev_0215,i,False,,idk,False,True,
dev_0221,yes,True,False,yes,True,False,False
dev_0222,no,True,True,no,True,False,True
dev_0223,i,False,,idk,False,True,
dev_0224,i,False,,idk,False,True,
dev_0229,no,True,True,no,True,False,True
dev_0230,yes,True,False,yes,True,False,False
dev_0231,no,True,True,no,True,False,True
dev_0234,i,False,,idk,False,True,
dev_0236,no,True,True,no,True,False,True
dev_0237,yes,True,False,yes,True,False,False
dev_0238,yes,True,False,yes,True,False,False
dev_0240,no,True,True,no,True,False,True
dev_0241,yes,True,False,yes,True,False,False
dev_0242,yes,True,False,yes,True,False,False
dev_0243,i,False,,idk,False,True,
dev_0245,no,True,True,no,True,False,True
dev_0247,i,False,,idk,False,True,
dev_0248,no,True,True,no,True,False,True
dev_0249,no,True,True,no,True,False,True
dev_0250,no,True,True,no,True,False,True
dev_0251,no,True,True,no,True,False,True
dev_0252,i,False,,idk,False,True,
dev_0254,yes,True,False,yes,True,False,False
dev_0256,no,True,True,no,True,False,True
dev_0257,no,True,True,no,True,False,True
dev_0258,i,False,,idk,False,True,
dev_0260,no,True,True,no,True,False,True
dev_0262,yes,True,False,yes,True,False,False
dev_0266,no,True,True,no,True,False,True
dev_0268,yes,True,False,yes,True,False,False
dev_0270,no,True,True,no,True,False,True
dev_0271,yes,True,False,yes,True,False,False
dev_0272,no,True,True,no,True,False,True
dev_0273,yes,True,False,yes,True,False,False
dev_0277,yes,True,False,yes,True,False,False
dev_0281,i,False,,idk,False,True,
dev_0284,no,True,True,no,True,False,True
dev_0286,no,True,True,no,True,False,True
dev_0287,yes,True,False,yes,True,False,False
dev_0288,yes,True,False,yes,True,False,False
dev_0290,no,True,True,no,True,False,True
dev_0294,no,True,True,no,True,False,True
dev_0295,yes,True,False,yes,True,False,False
dev_0298,no,True,True,no,True,False,True
dev_0301,no,True,True,no,True,False,True
dev_0303,i,False,,idk,False,True,
dev_0305,no,True,True,no,True,False,True
dev_0306,yes,True,False,yes,True,False,False
dev_0307,no,True,True,no,True,False,True
dev_0308,yes,True,False,yes,True,False,False
dev_0309,no,True,True,no,True,False,True
dev_0310,i,False,,idk,False,True,
dev_0312,yes,True,False,yes,True,False,False
dev_0313,no,True,True,no,True,False,True
dev_0315,no,True,True,no,True,False,True
dev_0316,no,True,True,no,True,False,True
dev_0317,i,False,,idk,False,True,
dev_0318,yes,True,False,yes,True,False,False
dev_0321,no,True,True,no,True,False,True
dev_0322,yes,True,False,yes,True,False,False
dev_0323,yes,True,False,yes,True,False,False
dev_0326,yes,True,False,yes,True,False,False
dev_0329,yes,True,False,yes,True,False,False
dev_0330,yes,True,False,yes,True,False,False
dev_0331,yes,True,False,yes,True,False,False
dev_0333,no,True,True,no,True,False,True
dev_0334,yes,True,False,yes,True,False,False
dev_0336,i,False,,idk,False,True,
dev_0337,yes,True,False,yes,True,False,False
dev_0338,yes,True,False,yes,True,False,False
dev_0339,no,True,True,no,True,False,True
dev_0342,no,True,True,no,True,False,True
dev_0343,no,True,True,no,True,False,True
dev_0344,no,True,True,no,True,False,True
dev_0346,yes,True,False,yes,True,False,False
dev_0347,no,True,True,no,True,False,True
dev_0348,no,True,True,no,True,False,True
dev_0352,no,True,True,no,True,False,True
dev_0355,i,False,,idk,False,True,
dev_0357,i,False,,idk,False,True,
dev_0359,no,True,True,no,True,False,True
dev_0361,yes,True,False,yes,True,False,False
dev_0363,yes,True,False,yes,True,False,False
dev_0364,yes,True,False,yes,True,False,False
dev_0366,yes,True,False,yes,True,False,False
dev_0367,i,False,,idk,False,True,
dev_0368,i,False,,idk,False,True,
dev_0371,no,True,True,no,True,False,True
dev_0374,no,True,True,no,True,False,True
dev_0376,yes,True,False,yes,True,False,False
dev_0379,i,False,,idk,False,True,
dev_0386,i,False,,idk,False,True,
dev_0387,yes,True,False,yes,True,False,False
dev_0388,i,False,,idk,False,True,
dev_0398,no,True,True,no,True,False,True
dev_0400,yes,True,False,yes,True,False,False
dev_0401,yes,True,False,yes,True,False,False
dev_0402,no,True,True,no,True,False,True
dev_0404,no,True,True,no,True,False,True
dev_0406,no,True,True,no,True,False,True
dev_0410,no,True,True,no,True,False,True
dev_0411,i,False,,idk,False,True,
dev_0412,no,True,True,no,True,False,True
dev_0418,yes,True,False,yes,True,False,False
dev_0419,yes,True,False,yes,True,False,False
dev_0420,i,False,,idk,False,True,
dev_0421,yes,True,False,yes,True,False,False
dev_0422,yes,True,False,yes,True,False,False
dev_0426,no,True,True,no,True,False,True
dev_0427,no,True,True,no,True,False,True
dev_0428,yes,True,False,yes,True,False,False
dev_0429,no,True,True,no,True,False,True
dev_0430,no,True,True,no,True,False,True
dev_0432,yes,True,False,yes,True,False,False
dev_0434,i,False,,idk,False,True,
dev_0436,yes,True,False,yes,True,False,False
dev_0437,i,False,,idk,False,True,
dev_0439,yes,True,False,yes,True,False,False
dev_0441,no,True,True,no,True,False,True
dev_0442,no,True,True,no,True,False,True
dev_0443,yes,True,False,yes,True,False,False
dev_0446,i,False,,idk,False,True,
dev_0447,no,True,True,no,True,False,True
dev_0448,yes,True,False,yes,True,False,False
dev_0452,yes,True,False,yes,True,False,False
dev_0453,no,True,True,no,True,False,True
dev_0455,i,False,,idk,False,True,
dev_0459,yes,True,False,yes,True,False,False
dev_0464,no,True,True,no,True,False,True
dev_0465,no,True,True,no,True,False,True
dev_0467,no,True,True,no,True,False,True
dev_0472,yes,True,False,yes,True,False,False
dev_0474,i,False,,idk,False,True,
dev_0478,yes,True,False,yes,True,False,False
dev_0479,yes,True,False,yes,True,False,False
dev_0480,no,True,True,no,True,False,True
dev_0481,i,False,,idk,False,True,
dev_0482,yes,True,False,yes,True,False,False
dev_0484,no,True,True,no,True,False,True
dev_0486,yes,True,False,yes,True,False,False
dev_0487,yes,True,False,yes,True,False,False
dev_0489,i,False,,idk,False,True,
dev_0490,i,False,,idk,False,True,
dev_0491,i,False,,idk,False,True,
dev_0493,yes,True,False,yes,True,False,False
dev_0494,no,True,True,no,True,False,True
dev_0498,i,False,,idk,False,True,
dev_0499,no,True,True,no,True,False,True
dev_0501,no,True,True,no,True,False,True
dev_0502,yes,True,False,yes,True,False,False
dev_0504,no,True,True,no,True,False,True
dev_0506,i,False,,idk,False,True,
dev_0507,i,False,,idk,False,True,
dev_0508,no,True,True,no,True,False,True
dev_0509,yes,True,False,yes,True,False,False
dev_0512,no,True,True,no,True,False,True
dev_0513,i,False,,idk,False,True,
dev_0515,i,False,,idk,False,True,
dev_0518,yes,True,False,yes,True,False,False
dev_0520,yes,True,False,yes,True,False,False
dev_0521,no,True,True,no,True,False,True
dev_0522,yes,True,False,yes,True,False,False
dev_0524,no,True,True,no,True,False,True
dev_0525,yes,True,False,yes,True,False,False
dev_0526,no,True,True,no,True,False,True
dev_0527,no,True,True,no,True,False,True
dev_0528,yes,True,False,yes,True,False,False
dev_0531,no,True,True,no,True,False,True
dev_0532,yes,True,False,yes,True,False,False
dev_0534,yes,True,False,yes,True,False,False
dev_0535,yes,True,False,yes,True,False,False
dev_0536,no,True,True,no,True,False,True
dev_0537,i,False,,idk,False,True,
dev_0544,i,False,,idk,False,True,
dev_0545,yes,True,False,yes,True,False,False
dev_0546,no,True,True,no,True,False,True
dev_0547,i,False,,idk,False,True,
dev_0550,yes,True,False,yes,True,False,False
dev_0551,no,True,True,no,True,False,True
dev_0552,i,False,,idk,False,True,
dev_0553,no,True,True,no,True,False,True
dev_0555,yes,True,False,yes,True,False,False
dev_0557,yes,True,False,yes,True,False,False
dev_0560,yes,True,False,yes,True,False,False
dev_0562,i,False,,idk,False,True,
dev_0563,yes,True,False,yes,True,False,False
dev_0565,no,True,True,no,True,False,True
dev_0566,no,True,True,no,True,False,True
dev_0567,i,False,,idk,False,True,
dev_0568,i,False,,idk,False,True,
dev_0569,yes,True,False,yes,True,False,False
dev_0571,no,True,True,no,True,False,True
dev_0572,no,True,True,no,True,False,True
dev_0573,yes,True,False,yes,True,False,False
dev_0577,yes,True,False,yes,True,False,False
dev_0579,i,False,,idk,False,True,
dev_0580,no,True,True,no,True,False,True
dev_0581,no,True,True,no,True,False,True
dev_0583,no,True,True,no,True,False,True
dev_0584,yes,True,False,yes,True,False,False
dev_0585,no,True,True,no,True,False,True
dev_0588,no,True,True,no,True,False,True
dev_0589,no,True,True,no,True,False,True
dev_0591,no,True,True,no,True,False,True
dev_0593,no,True,True,no,True,False,True
dev_0594,no,True,True,no,True,False,True
dev_0595,yes,True,False,yes,True,False,False
dev_0596,yes,True,False,yes,True,False,False
dev_0598,no,True,True,no,True,False,True
dev_0603,no,True,True,no,True,False,True
dev_0605,i,False,,idk,False,True,
dev_0606,no,True,True,no,True,False,True
dev_0608,i,False,,idk,False,True,
dev_0612,no,True,True,no,True,False,True
dev_0614,i,False,,idk,False,True,
dev_0615,no,True,True,no,True,False,True
dev_0616,no,True,True,no,True,False,True
dev_0617,yes,True,False,yes,True,False,False
dev_0618,no,True,True,no,True,False,True
dev_0619,yes,True,False,yes,True,False,False
dev_0620,yes,True,False,yes,True,False,False
dev_0621,i,False,,idk,False,True,
dev_0623,i,False,,idk,False,True,
dev_0626,yes,True,False,yes,True,False,False
dev_0627,yes,True,False,yes,True,False,False
dev_0629,yes,True,False,yes,True,False,False
dev_0630,no,True,True,no,True,False,True
dev_0631,yes,True,False,yes,True,False,False
dev_0636,no,True,True,no,True,False,True
dev_0638,yes,True,False,yes,True,False,False
dev_0641,i,False,,idk,False,True,
dev_0644,yes,True,False,yes,True,False,False
dev_0646,yes,True,False,yes,True,False,False
dev_0647,yes,True,False,yes,True,False,False
dev_0648,no,True,True,no,True,False,True
dev_0650,yes,True,False,yes,True,False,False
dev_0652,no,True,True,no,True,False,True
dev_0653,yes,True,False,yes,True,False,False
dev_0654,no,True,True,no,True,False,True
dev_0655,i,False,,idk,False,True,
dev_0656,no,True,True,no,True,False,True
dev_0657,yes,True,False,yes,True,False,False
dev_0658,no,True,True,no,True,False,True
dev_0661,yes,True,False,yes,True,False,False
dev_0662,no,True,True,no,True,False,True
dev_0668,no,True,True,no,True,False,True
dev_0671,yes,True,False,yes,True,False,False
dev_0675,i,False,,idk,False,True,
dev_0678,no,True,True,no,True,False,True
dev_0680,yes,True,False,yes,True,False,False
dev_0682,i,False,,idk,False,True,
dev_0686,i,False,,idk,False,True,
dev_0691,no,True,True,no,True,False,True
dev_0692,yes,True,False,yes,True,False,False
dev_0696,i,False,,idk,False,True,
dev_0697,yes,True,False,yes,True,False,False
dev_0699,i,False,,idk,False,True,
dev_0701,no,True,True,no,True,False,True
dev_0703,i,False,,idk,False,True,
dev_0704,yes,True,False,yes,True,False,False
dev_0708,no,True,True,no,True,False,True
dev_0711,no,True,True,no,True,False,True
dev_0713,yes,True,False,yes,True,False,False
dev_0718,no,True,True,no,True,False,True
dev_0720,yes,True,False,yes,True,False,False
dev_0721,no,True,True,no,True,False,True
dev_0724,yes,True,False,yes,True,False,False
dev_0731,yes,True,False,yes,True,False,False
dev_0734,yes,True,False,yes,True,False,False
dev_0735,yes,True,False,yes,True,False,False
dev_0736,no,True,True,no,True,False,True
dev_0737,no,True,True,no,True,False,True
dev_0738,yes,True,False,yes,True,False,False
dev_0740,yes,True,False,yes,True,False,False
dev_0741,i,False,,idk,False,True,
dev_0744,no,True,True,no,True,False,True
dev_0746,yes,True,False,yes,True,False,False
dev_0749,no,True,True,no,True,False,True
dev_0752,yes,True,False,yes,True,False,False
dev_0754,no,True,True,no,True,False,True
dev_0757,yes,True,False,yes,True,False,False
dev_0759,yes,True,False,yes,True,False,False
dev_0764,no,True,True,no,True,False,True
dev_0765,no,True,True,no,True,False,True
dev_0767,yes,True,False,yes,True,False,False
dev_0770,i,False,,idk,False,True,
dev_0771,no,True,True,no,True,False,True
dev_0773,yes,True,False,yes,True,False,False
dev_0778,no,True,True,no,True,False,True
dev_0782,no,True,True,no,True,False,True
dev_0783,i,False,,idk,False,True,
dev_0787,i,False,,idk,False,True,
dev_0788,i,False,,idk,False,True,
dev_0790,no,True,True,no,True,False,True
dev_0794,yes,True,False,yes,True,False,False
dev_0795,no,True,True,no,True,False,True
dev_0797,yes,True,False,yes,True,False,False
dev_0798,no,True,True,no,True,False,True
dev_0799,yes,True,False,yes,True,False,False
dev_0814,no,True,True,no,True,False,True
dev_0815,yes,True,False,yes,True,False,False
dev_0816,no,True,True,no,True,False,True
dev_0817,yes,True,False,yes,True,False,False
dev_0822,i,False,,idk,False,True,
dev_0823,no,True,True,no,True,False,True
dev_0825,no,True,True,no,True,False,True
dev_0829,yes,True,False,yes,True,False,False
dev_0831,yes,True,False,yes,True,False,False
dev_0832,yes,True,False,yes,True,False,False
dev_0833,no,True,True,no,True,False,True
dev_0835,yes,True,False,yes,True,False,False
dev_0837,no,True,True,no,True,False,True
dev_0838,i,False,,idk,False,True,
dev_0839,no,True,True,no,True,False,True
dev_0842,yes,True,False,yes,True,False,False
dev_0844,i,False,,idk,False,True,
dev_0845,i,False,,idk,False,True,
dev_0848,no,True,True,no,True,False,True
dev_0851,yes,True,False,yes,True,False,False
dev_0852,no,True,True,no,True,False,True
dev_0853,yes,True,False,yes,True,False,False
dev_0854,i,False,,idk,False,True,
dev_0855,i,False,,idk,False,True,
dev_0859,no,True,True,no,True,False,True
dev_0861,i,False,,idk,False,True,
dev_0862,yes,True,False,yes,True,False,False
dev_0863,no,True,True,no,True,False,True
dev_0864,yes,True,False,yes,True,False,False
dev_0865,i,False,,idk,False,True,
dev_0866,yes,True,False,yes,True,False,False
dev_0867,no,True,True,no,True,False,True
dev_0868,no,True,True,no,True,False,True
dev_0870,i,False,,idk,False,True,
dev_0871,no,True,True,no,True,False,True
dev_0872,no,True,True,no,True,False,True
dev_0873,no,True,True,no,True,False,True
dev_0874,no,True,True,no,True,False,True
dev_0875,no,True,True,no,True,False,True
dev_0878,i,False,,idk,False,True,
dev_0880,no,True,True,no,True,False,True
dev_0883,yes,True,False,yes,True,False,False
dev_0885,i,False,,idk,False,True,
dev_0888,no,True,True,no,True,False,True
dev_0896,yes,True,False,yes,True,False,False
dev_0898,no,True,True,no,True,False,True
dev_0900,no,True,True,no,True,False,True
dev_0901,i,False,,idk,False,True,
dev_0908,i,False,,idk,False,True,
dev_0909,i,False,,idk,False,True,
dev_0910,yes,True,False,yes,True,False,False
dev_0911,i,False,,idk,False,True,
dev_0913,i,False,,idk,False,True,
dev_0914,no,True,True,no,True,False,True
dev_0915,i,False,,idk,False,True,
dev_0916,no,True,True,no,True,False,True
dev_0921,no,True,True,no,True,False,True
dev_0922,no,True,True,no,True,False,True
dev_0933,yes,True,False,yes,True,False,False
dev_0934,no,True,True,no,True,False,True
dev_0935,yes,True,False,yes,True,False,False
dev_0938,i,False,,idk,False,True,
dev_0940,yes,True,False,yes,True,False,False
dev_0943,no,True,True,no,True,False,True
dev_0944,yes,True,False,yes,True,False,False
dev_0945,no,True,True,no,True,False,True
dev_0950,yes,True,False,yes,True,False,False
dev_0952,no,True,True,no,True,False,True
dev_0953,no,True,True,no,True,False,True
dev_0954,i,False,,idk,False,True,
dev_0955,no,True,True,no,True,False,True
dev_0958,no,True,True,no,True,False,True
dev_0966,yes,True,False,yes,True,False,False
dev_0973,no,True,True,no,True,False,True
dev_0975,yes,True,False,yes,True,False,False
dev_0981,yes,True,False,yes,True,False,False
dev_0985,no,True,True,no,True,False,True
dev_0991,yes,True,False,yes,True,False,False
dev_0992,yes,True,False,yes,True,False,False
dev_0994,no,True,True,no,True,False,True
dev_0996,yes,True,False,yes,True,False,False
dev_0997,i,False,,idk,False,True,
dev_1003,yes,True,False,yes,True,False,False
dev_1006,yes,True,False,yes,True,False,False
dev_1011,yes,True,False,yes,True,False,False
dev_1022,no,True,True,no,True,False,True
dev_1023,no,True,True,no,True,False,True
dev_1032,no,True,True,no,True,False,True
dev_1049,yes,True,False,yes,True,False,False
dev_1050,no,True,True,no,True,False,True
dev_1059,yes,True,False,yes,True,False,False
dev_1062,no,True,True,no,True,False,True
dev_1067,yes,True,False,yes,True,False,False
dev_1075,no,True,True,no,True,False,True
dev_1076,no,True,True,no,True,False,True
dev_1078,yes,True,False,yes,True,False,False
dev_1083,no,True,True,no,True,False,True
dev_1088,no,True,True,no,True,False,True
dev_1089,i,False,,idk,False,True,
dev_1097,yes,True,False,yes,True,False,False
dev_1102,i,False,,idk,False,True,
dev_1110,no,True,True,no,True,False,True
dev_1112,yes,True,False,yes,True,False,False
dev_1113,no,True,True,no,True,False,True
dev_1121,i,False,,idk,False,True,
dev_1125,yes,True,False,yes,True,False,False
dev_1131,i,False,,idk,False,True,
dev_1132,yes,True,False,yes,True,False,False
dev_1133,i,False,,idk,False,True,
dev_1134,yes,True,False,yes,True,False,False
dev_1135,i,False,,idk,False,True,
dev_1137,no,True,True,no,True,False,True
dev_1138,no,True,True,no,True,False,True
dev_1139,no,True,True,no,True,False,True
dev_1142,no,True,True,no,True,False,True
dev_1143,yes,True,False,yes,True,False,False
dev_1146,no,True,True,no,True,False,True
dev_1148,i,False,,idk,False,True,
dev_1153,no,True,True,no,True,False,True
dev_1154,no,True,True,no,True,False,True
dev_1155,no,True,True,no,True,False,True
dev_1158,i,False,,idk,False,True,
dev_1159,yes,True,False,yes,True,False,False
dev_1162,yes,True,False,yes,True,False,False
dev_1171,no,True,True,no,True,False,True
dev_1172,no,True,True,no,True,False,True
dev_1175,yes,True,False,yes,True,False,False
dev_1177,yes,True,False,yes,True,False,False
dev_1178,no,True,True,no,True,False,True
dev_1179,no,True,True,no,True,False,True
dev_1183,no,True,True,no,True,False,True
dev_1186,yes,True,False,yes,True,False,False
dev_1188,i,False,,idk,False,True,
dev_1195,no,True,True,no,True,False,True
dev_1196,yes,True,False,yes,True,False,False
dev_1197,no,True,True,no,True,False,True
dev_1204,no,True,True,no,True,False,True
dev_1205,no,True,True,no,True,False,True
dev_1207,yes,True,False,yes,True,False,False
dev_1208,i,False,,idk,False,True,
dev_1209,no,True,True,no,True,False,True
dev_1210,i,False,,idk,False,True,
dev_1213,no,True,True,no,True,False,True
dev_1221,no,True,True,no,True,False,True
dev_1222,no,True,True,no,True,False,True
dev_1224,yes,True,False,yes,True,False,False
dev_1227,yes,True,False,yes,True,False,False
dev_1229,yes,True,False,yes,True,False,False
dev_1230,yes,True,False,yes,True,False,False
dev_1233,no,True,True,no,True,False,True
dev_1234,no,True,True,no,True,False,True
dev_1235,yes,True,False,yes,True,False,False
dev_1239,no,True,True,no,True,False,True
dev_1241,yes,True,False,yes,True,False,False
dev_1244,no,True,True,no,True,False,True
dev_1245,no,True,True,no,True,False,True
dev_1249,yes,True,False,yes,True,False,False
dev_1250,no,True,True,no,True,False,True
dev_1251,yes,True,False,yes,True,False,False
dev_1254,no,True,True,no,True,False,True
dev_1256,no,True,True,no,True,False,True
dev_1257,i,False,,idk,False,True,
dev_1258,no,True,True,no,True,False,True
dev_1260,yes,True,False,yes,True,False,False
dev_1261,no,True,True,no,True,False,True
dev_1267,yes,True,False,yes,True,False,False
dev_1269,no,True,True,no,True,False,True
dev_1271,yes,True,False,yes,True,False,False
dev_1273,no,True,True,no,True,False,True
dev_1275,yes,True,False,yes,True,False,False
dev_1278,yes,True,False,yes,True,False,False
dev_1283,no,True,True,no,True,False,True
dev_1285,yes,True,False,yes,True,False,False
dev_1286,yes,True,False,yes,True,False,False
dev_1290,no,True,True,no,True,False,True
dev_1292,yes,True,False,yes,True,False,False
dev_1294,no,True,True,no,True,False,True
dev_1296,no,True,True,no,True,False,True
dev_1299,yes,True,False,yes,True,False,False
dev_1302,yes,True,False,yes,True,False,False
dev_1303,no,True,True,no,True,False,True
dev_1305,no,True,True,no,True,False,True
dev_1307,no,True,True,no,True,False,True
dev_1311,no,True,True,no,True,False,True
dev_1313,yes,True,False,yes,True,False,False
dev_1315,i,False,,idk,False,True,
dev_1316,no,True,True,no,True,False,True
dev_1317,no,True,True,no,True,False,True
dev_1324,no,True,True,no,True,False,True
dev_1329,no,True,True,no,True,False,True
dev_1333,no,True,True,no,True,False,True
dev_1334,no,True,True,no,True,False,True
dev_1335,no,True,True,no,True,False,True
dev_1336,no,True,True,no,True,False,True
dev_1338,yes,True,False,yes,True,False,False
dev_1345,yes,True,False,yes,True,False,False
dev_1349,yes,True,False,yes,True,False,False
dev_1354,no,True,True,no,True,False,True
dev_1357,no,True,True,no,True,False,True
dev_1359,yes,True,False,yes,True,False,False
dev_1360,i,False,,idk,False,True,
dev_1364,no,True,True,no,True,False,True
dev_1366,no,True,True,no,True,False,True
dev_1370,yes,True,False,yes,True,False,False
dev_1371,yes,True,False,yes,True,False,False
dev_1372,no,True,True,no,True,False,True
dev_1376,yes,True,False,yes,True,False,False
dev_1379,yes,True,False,yes,True,False,False
dev_1382,no,True,True,no,True,False,True
dev_1388,no,True,True,no,True,False,True
dev_1402,no,True,True,no,True,False,True
dev_1406,yes,True,False,yes,True,False,False
dev_1408,no,True,True,no,True,False,True
dev_1413,no,True,True,no,True,False,True
dev_1419,no,True,True,no,True,False,True
dev_1420,no,True,True,no,True,False,True
dev_1422,no,True,True,no,True,False,True
dev_1423,yes,True,False,yes,True,False,False
dev_1424,yes,True,False,yes,True,False,False
dev_1428,no,True,True,no,True,False,True
dev_1436,no,True,True,no,True,False,True
dev_1438,no,True,True,no,True,False,True
dev_1439,no,True,True,no,True,False,True
dev_1440,no,True,True,no,True,False,True
dev_1442,yes,True,False,yes,True,False,False
dev_1443,no,True,True,no,True,False,True
dev_1444,yes,True,False,yes,True,False,False
dev_1446,yes,True,False,yes,True,False,False
dev_1452,i,False,,idk,False,True,
dev_1455,no,True,True,no,True,False,True
dev_1457,no,True,True,no,True,False,True
dev_1458,i,False,,idk,False,True,
dev_1460,i,False,,idk,False,True,
dev_1462,yes,True,False,yes,True,False,False
dev_1464,no,True,True,no,True,False,True
dev_1467,yes,True,False,yes,True,False,False
dev_1468,no,True,True,no,True,False,True
dev_1471,no,True,True,no,True,False,True
dev_1473,no,True,True,no,True,False,True
dev_1477,yes,True,False,yes,True,False,False
dev_1482,no,True,True,no,True,False,True
dev_1483,no,True,True,no,True,False,True
dev_1489,no,True,True,no,True,False,True
dev_1494,no,True,True,no,True,False,True
dev_1497,no,True,True,no,True,False,True
dev_1498,no,True,True,no,True,False,True
dev_1505,yes,True,False,yes,True,False,False
dev_1508,yes,True,False,yes,True,False,False
dev_1511,no,True,True,no,True,False,True
dev_1515,yes,True,False,yes,True,False,False
dev_1517,no,True,True,no,True,False,True
dev_1518,no,True,True,no,True,False,True
dev_1521,no,True,True,no,True,False,True
dev_1524,no,True,True,no,True,False,True
dev_1528,no,True,True,no,True,False,True
dev_1533,yes,True,False,yes,True,False,False
dev_1534,yes,True,False,yes,True,False,False
dev_1543,yes,True,False,yes,True,False,False
dev_1544,i,False,,idk,False,True,
dev_1546,no,True,True,no,True,False,True
dev_1551,yes,True,False,yes,True,False,False
dev_1552,no,True,True,no,True,False,True
dev_1554,i,False,,idk,False,True,
dev_1557,no,True,True,no,True,False,True
dev_1558,no,True,True,no,True,False,True
dev_1559,no,True,True,no,True,False,True
dev_1563,yes,True,False,yes,True,False,False
dev_1564,no,True,True,no,True,False,True
dev_1568,i,False,,idk,False,True,
dev_1574,i,False,,idk,False,True,
dev_1580,no,True,True,no,True,False,True
dev_1584,yes,True,False,yes,True,False,False
dev_1588,no,True,True,no,True,False,True
dev_1589,i,False,,idk,False,True,
dev_1595,no,True,True,no,True,False,True
dev_1610,i,False,,idk,False,True,
dev_1627,yes,True,False,yes,True,False,False
dev_1632,no,True,True,no,True,False,True
dev_1633,i,False,,idk,False,True,
dev_1643,no,True,True,no,True,False,True
dev_1646,no,True,True,no,True,False,True
dev_1650,no,True,True,no,True,False,True
dev_1651,i,False,,idk,False,True,
dev_1654,no,True,True,no,True,False,True
dev_1655,yes,True,False,yes,True,False,False
dev_1656,yes,True,False,yes,True,False,False
dev_1657,i,False,,idk,False,True,
dev_1658,no,True,True,no,True,False,True
dev_1659,yes,True,False,yes,True,False,False
dev_1663,yes,True,False,yes,True,False,False
dev_1668,yes,True,False,yes,True,False,False
dev_1673,no,True,True,no,True,False,True
dev_1675,no,True,True,no,True,False,True
dev_1680,yes,True,False,yes,True,False,False
dev_1687,yes,True,False,yes,True,False,False
dev_1691,no,True,True,no,True,False,True
dev_1692,no,True,True,no,True,False,True
dev_1698,yes,True,False,yes,True,False,False
dev_1702,i,False,,idk,False,True,
dev_1707,yes,True,False,yes,True,False,False
dev_1719,yes,True,False,yes,True,False,False
dev_1721,yes,True,False,yes,True,False,False
dev_1723,no,True,True,no,True,False,True
dev_1726,no,True,True,no,True,False,True
dev_1727,no,True,True,no,True,False,True
dev_1736,i,False,,idk,False,True,
dev_1737,no,True,True,no,True,False,True
dev_1740,yes,True,False,yes,True,False,False
dev_1741,yes,True,False,yes,True,False,False
dev_1743,yes,True,False,yes,True,False,False
dev_1749,no,True,True,no,True,False,True
dev_1750,no,True,True,no,True,False,True
dev_1752,yes,True,False,yes,True,False,False
dev_1753,no,True,True,no,True,False,True
dev_1757,yes,True,False,yes,True,False,False
dev_1763,no,True,True,no,True,False,True
dev_1768,yes,True,False,yes,True,False,False
dev_1770,yes,True,False,yes,True,False,False
dev_1771,yes,True,False,yes,True,False,False
dev_1775,i,False,,idk,False,True,
dev_1776,no,True,True,no,True,False,True
dev_1777,no,True,True,no,True,False,True
dev_1779,i,False,,idk,False,True,
dev_1786,yes,True,False,yes,True,False,False
dev_1789,no,True,True,no,True,False,True
dev_1790,no,True,True,no,True,False,True
dev_1804,no,True,True,no,True,False,True
dev_1805,yes,True,False,yes,True,False,False
dev_1806,i,False,,idk,False,True,
dev_1807,no,True,True,no,True,False,True
dev_1814,yes,True,False,yes,True,False,False
dev_1819,no,True,True,no,True,False,True
dev_1823,no,True,True,no,True,False,True
dev_1825,no,True,True,no,True,False,True
dev_1832,i,False,,idk,False,True,
dev_1849,no,True,True,no,True,False,True
dev_1851,yes,True,False,yes,True,False,False
dev_1857,yes,True,False,yes,True,False,False
dev_1860,no,True,True,no,True,False,True
dev_1862,no,True,True,no,True,False,True
dev_1864,no,True,True,no,True,False,True
dev_1869,yes,True,False,yes,True,False,False
dev_1873,no,True,True,no,True,False,True
dev_1876,no,True,True,no,True,False,True
dev_1887,no,True,True,no,True,False,True
dev_1889,i,False,,idk,False,True,
dev_1895,no,True,True,no,True,False,True
dev_1905,no,True,True,no,True,False,True
dev_1906,no,True,True,no,True,False,True
dev_1911,no,True,True,no,True,False,True
dev_1915,no,True,True,no,True,False,True
dev_1916,no,True,True,no,True,False,True
dev_1919,yes,True,False,yes,True,False,False
dev_1924,no,True,True,no,True,False,True
dev_1925,yes,True,False,yes,True,False,False
dev_1938,yes,True,False,yes,True,False,False
dev_1943,i,False,,idk,False,True,
dev_1946,no,True,True,no,True,False,True
dev_1948,no,True,True,no,True,False,True
dev_1950,no,True,True,no,True,False,True
dev_1951,no,True,True,no,True,False,True
dev_1959,yes,True,False,yes,True,False,False
dev_1960,no,True,True,no,True,False,True
dev_1963,yes,True,False,yes,True,False,False
dev_1967,no,True,True,no,True,False,True
dev_1968,i,False,,idk,False,True,
dev_1970,yes,True,False,yes,True,False,False
dev_1971,i,False,,idk,False,True,
dev_1977,no,True,True,no,True,False,True
dev_1985,yes,True,False,yes,True,False,False
dev_1991,i,False,,idk,False,True,
dev_1992,no,True,True,no,True,False,True
dev_1995,no,True,True,no,True,False,True
dev_1997,no,True,True,no,True,False,True
dev_2001,no,True,True,no,True,False,True
dev_2007,yes,True,False,yes,True,False,False
dev_2009,yes,True,False,yes,True,False,False
dev_2012,yes,True,False,yes,True,False,False
dev_2024,i,False,,idk,False,True,
dev_2025,no,True,True,no,True,False,True
dev_2027,no,True,True,no,True,False,True
dev_2032,yes,True,False,yes,True,False,False
dev_2045,no,True,True,no,True,False,True
dev_2047,yes,True,False,yes,True,False,False
dev_2049,yes,True,False,yes,True,False,False
dev_2050,yes,True,False,yes,True,False,False
dev_2053,no,True,True,no,True,False,True
dev_2061,i,False,,other,False,False,
dev_2062,no,True,True,no,True,False,True
dev_2065,no,True,True,no,True,False,True
dev_2068,no,True,True,no,True,False,True
dev_2078,yes,True,False,yes,True,False,False
dev_2079,no,True,True,no,True,False,True
dev_2080,no,True,True,no,True,False,True
dev_2087,i,False,,idk,False,True,
dev_2088,no,True,True,no,True,False,True
dev_2091,yes,True,False,yes,True,False,False
dev_2093,i,False,,idk,False,True,
dev_2094,yes,True,False,yes,True,False,False
dev_2095,yes,True,False,yes,True,False,False
dev_2096,no,True,True,no,True,False,True
dev_2104,i,False,,idk,False,True,
dev_2109,no,True,True,no,True,False,True
dev_2115,i,False,,idk,False,True,
dev_2118,i,False,,idk,False,True,
dev_2120,i,False,,idk,False,True,
dev_2131,no,True,True,no,True,False,True
dev_2137,no,True,True,no,True,False,True
dev_2139,no,True,True,no,True,False,True
dev_2156,i,False,,idk,False,True,
dev_2158,no,True,True,no,True,False,True
dev_2166,no,True,True,no,True,False,True
dev_2174,no,True,True,no,True,False,True
dev_2184,yes,True,False,yes,True,False,False
dev_2187,no,True,True,no,True,False,True
dev_2192,no,True,True,no,True,False,True
dev_2196,yes,True,False,yes,True,False,False
dev_2199,no,True,True,no,True,False,True
dev_2204,i,False,,idk,False,True,
dev_2206,no,True,True,no,True,False,True
dev_2213,no,True,True,no,True,False,True
dev_2214,i,False,,idk,False,True,
dev_2215,no,True,True,no,True,False,True
dev_2220,yes,True,False,yes,True,False,False
dev_2223,i,False,,idk,False,True,
dev_2224,i,False,,idk,False,True,
dev_2232,yes,True,False,yes,True,False,False
dev_2234,yes,True,False,yes,True,False,False
dev_2237,no,True,True,no,True,False,True
dev_2239,i,False,,idk,False,True,
dev_2247,no,True,True,no,True,False,True
dev_2248,no,True,True,no,True,False,True
dev_2250,no,True,True,no,True,False,True
dev_2252,no,True,True,no,True,False,True
dev_2262,no,True,True,no,True,False,True
dev_2265,no,True,True,no,True,False,True
dev_2266,yes,True,False,yes,True,False,False
dev_2272,no,True,True,no,True,False,True
dev_2275,no,True,True,no,True,False,True
dev_2277,i,False,,idk,False,True,
dev_2290,yes,True,False,yes,True,False,False
dev_2295,no,True,True,no,True,False,True
dev_2299,i,False,,idk,False,True,
dev_2303,no,True,True,no,True,False,True
dev_2304,no,True,True,no,True,False,True
dev_2306,no,True,True,no,True,False,True
dev_2309,no,True,True,no,True,False,True
dev_2310,i,False,,idk,False,True,
dev_2312,i,False,,idk,False,True,
dev_2315,no,True,True,no,True,False,True
dev_2323,yes,True,False,yes,True,False,False
dev_2328,yes,True,False,yes,True,False,False
dev_2334,i,False,,idk,False,True,
dev_2338,yes,True,False,yes,True,False,False
dev_2350,yes,True,False,yes,True,False,False
dev_2353,no,True,True,no,True,False,True
dev_2364,no,True,True,no,True,False,True
dev_2370,yes,True,False,yes,True,False,False
dev_2373,i,False,,idk,False,True,
dev_2382,no,True,True,no,True,False,True
dev_2387,no,True,True,no,True,False,True
dev_2388,i,False,,idk,False,True,
dev_2395,no,True,True,no,True,False,True
dev_2396,no,True,True,no,True,False,True
dev_2397,yes,True,False,yes,True,False,False
dev_2401,no,True,True,no,True,False,True
dev_2408,i,False,,idk,False,True,
dev_2413,yes,True,False,yes,True,False,False
dev_2420,i,False,,idk,False,True,
dev_2428,yes,True,False,yes,True,False,False
dev_2431,no,True,True,no,True,False,True
dev_2433,i,False,,idk,False,True,
dev_2434,yes,True,False,yes,True,False,False
dev_2436,no,True,True,no,True,False,True
dev_2441,yes,True,False,yes,True,False,False
dev_2444,i,False,,idk,False,True,
dev_2447,yes,True,False,yes,True,False,False
dev_2448,no,True,True,no,True,False,True
dev_2471,no,True,True,no,True,False,True
dev_2473,no,True,True,no,True,False,True
dev_2477,no,True,True,no,True,False,True
dev_2479,i,False,,idk,False,True,
dev_2498,yes,True,False,yes,True,False,False
dev_2499,no,True,True,no,True,False,True
dev_2503,no,True,True,no,True,False,True
dev_2504,yes,True,False,yes,True,False,False
dev_2509,yes,True,False,yes,True,False,False
dev_2517,no,True,True,no,True,False,True
dev_2521,no,True,True,no,True,False,True
dev_2524,no,True,True,no,True,False,True
dev_2532,no,True,True,no,True,False,True
dev_2537,yes,True,False,yes,True,False,False
dev_2538,yes,True,False,yes,True,False,False
dev_2542,no,True,True,no,True,False,True
dev_2547,no,True,True,no,True,False,True
dev_2548,no,True,True,no,True,False,True
dev_2555,yes,True,False,yes,True,False,False
dev_2562,i,False,,idk,False,True,
dev_2566,yes,True,False,yes,True,False,False
dev_2572,no,True,True,no,True,False,True
dev_2577,yes,True,False,yes,True,False,False
dev_2582,yes,True,False,yes,True,False,False
dev_2595,yes,True,False,yes,True,False,False
dev_2598,yes,True,False,yes,True,False,False
dev_2605,no,True,True,no,True,False,True
dev_2614,no,True,True,no,True,False,True
dev_2622,yes,True,False,yes,True,False,False
dev_2634,no,True,True,no,True,False,True
dev_2639,yes,True,False,yes,True,False,False
dev_2641,i,False,,idk,False,True,
dev_2643,i,False,,idk,False,True,
dev_2652,yes,True,False,yes,True,False,False
dev_2655,i,False,,idk,False,True,
dev_2656,no,True,True,no,True,False,True
dev_2682,i,False,,idk,False,True,
dev_2690,no,True,True,no,True,False,True
dev_2691,no,True,True,no,True,False,True
dev_2712,i,False,,idk,False,True,
dev_2719,yes,True,False,yes,True,False,False
dev_2727,no,True,True,no,True,False,True
dev_2735,yes,True,False,yes,True,False,False
dev_2740,no,True,True,no,True,False,True
dev_2750,no,True,True,no,True,False,True
dev_2755,no,True,True,no,True,False,True
dev_2756,i,False,,idk,False,True,
dev_2757,no,True,True,no,True,False,True
dev_2770,no,True,True,no,True,False,True
dev_2782,yes,True,False,yes,True,False,False
dev_2791,no,True,True,no,True,False,True
dev_2793,i,False,,idk,False,True,
dev_2798,no,True,True,no,True,False,True
dev_2812,yes,True,False,yes,True,False,False
dev_2813,no,True,True,no,True,False,True
dev_2821,no,True,True,no,True,False,True
dev_2832,no,True,True,no,True,False,True
dev_2836,no,True,True,no,True,False,True
dev_2838,i,False,,idk,False,True,
dev_2850,yes,True,False,yes,True,False,False
dev_2853,no,True,True,no,True,False,True
dev_2870,yes,True,False,yes,True,False,False
dev_2875,no,True,True,no,True,False,True
dev_2880,yes,True,False,yes,True,False,False
dev_2882,no,True,True,no,True,False,True
dev_2890,no,True,True,no,True,False,True
dev_2892,no,True,True,no,True,False,True
dev_2899,i,False,,idk,False,True,
dev_2901,no,True,True,no,True,False,True
dev_2906,no,True,True,no,True,False,True
dev_2910,no,True,True,no,True,False,True
dev_2911,no,True,True,no,True,False,True
dev_2917,yes,True,False,yes,True,False,False
dev_2919,yes,True,False,yes,True,False,False
dev_2921,no,True,True,no,True,False,True
dev_2929,no,True,True,no,True,False,True
dev_2931,no,True,True,no,True,False,True
dev_2933,i,False,,idk,False,True,
dev_2956,no,True,True,no,True,False,True
dev_2959,yes,True,False,yes,True,False,False
dev_2966,no,True,True,no,True,False,True
dev_2967,no,True,True,no,True,False,True
dev_2972,no,True,True,no,True,False,True
dev_2973,yes,True,False,yes,True,False,False
dev_2974,yes,True,False,yes,True,False,False
dev_2991,no,True,True,no,True,False,True
dev_2993,i,False,,idk,False,True,
dev_3000,no,True,True,no,True,False,True
dev_3004,i,False,,idk,False,True,
dev_3005,no,True,True,no,True,False,True
dev_3007,yes,True,False,yes,True,False,False
dev_3014,i,False,,idk,False,True,
dev_3015,no,True,True,no,True,False,True
dev_3027,yes,True,False,yes,True,False,False
dev_3029,yes,True,False,yes,True,False,False
dev_3034,no,True,True,no,True,False,True
dev_3035,yes,True,False,yes,True,False,False
dev_3040,yes,True,False,yes,True,False,False
dev_3057,no,True,True,no,True,False,True
dev_3062,no,True,True,no,True,False,True
dev_3073,yes,True,False,yes,True,False,False
dev_3075,i,False,,idk,False,True,
dev_3079,no,True,True,no,True,False,True
dev_3089,no,True,True,no,True,False,True
dev_3105,no,True,True,no,True,False,True
dev_3106,no,True,True,no,True,False,True
dev_3107,yes,True,False,yes,True,False,False
dev_3122,yes,True,False,yes,True,False,False
dev_3126,yes,True,False,yes,True,False,False
dev_3138,i,False,,idk,False,True,
dev_3143,yes,True,False,yes,True,False,False
dev_3155,i,False,,idk,False,True,
dev_3158,yes,True,False,yes,True,False,False
dev_3159,no,True,True,no,True,False,True
dev_3167,no,True,True,no,True,False,True
dev_3173,no,True,True,no,True,False,True
dev_3183,yes,True,False,yes,True,False,False
dev_3187,no,True,True,no,True,False,True
dev_3188,no,True,True,no,True,False,True
dev_3190,no,True,True,no,True,False,True
dev_3193,yes,True,False,yes,True,False,False
dev_3194,i,False,,idk,False,True,
dev_3195,no,True,True,no,True,False,True
dev_3199,yes,True,False,yes,True,False,False
dev_3204,yes,True,False,yes,True,False,False
dev_3205,no,True,True,no,True,False,True
dev_3209,i,False,,idk,False,True,
dev_3212,no,True,True,no,True,False,True
dev_3221,i,False,,idk,False,True,
dev_3224,no,True,True,no,True,False,True
dev_3231,no,True,True,no,True,False,True
dev_3232,no,True,True,no,True,False,True
dev_3234,i,False,,idk,False,True,
dev_3238,no,True,True,no,True,False,True
dev_3239,no,True,True,no,True,False,True
dev_3241,no,True,True,no,True,False,True
dev_3242,i,False,,idk,False,True,
dev_3256,i,False,,idk,False,True,
dev_3265,i,False,,idk,False,True,
