scaffold,L,boolq_id,gold,reply,timing_s,first_token,compliant,pred_strict,correct_strict,pred_label,pred_raw,is_answered,is_idk,answered_correct
baseline,1,dev_0023,0,NO,,no,True,0.0,True,no,no,True,False,True
baseline,1,dev_0025,0,NO,,no,True,0.0,True,no,no,True,False,True
baseline,1,dev_0039,0,YES,,yes,True,1.0,False,yes,yes,True,False,False
baseline,1,dev_0055,0,YES,,yes,True,1.0,False,yes,yes,True,False,False
baseline,1,dev_0059,0,YES,,yes,True,1.0,False,yes,yes,True,False,False
baseline,1,dev_0068,0,NO,,no,True,0.0,True,no,no,True,False,True
baseline,1,dev_0087,0,NO,,no,True,0.0,True,no,no,True,False,True
baseline,1,dev_0107,0,YES,,yes,True,1.0,False,yes,yes,True,False,False
baseline,1,dev_0120,0,NO,,no,True,0.0,True,no,no,True,False,True
baseline,1,dev_0138,0,YES,,yes,True,1.0,False,yes,yes,True,False,False
baseline,1,dev_0151,0,NO,,no,True,0.0,True,no,no,True,False,True
baseline,1,dev_0163,0,NO,,no,True,0.0,True,no,no,True,False,True
baseline,1,dev_0165,0,YES,,yes,True,1.0,False,yes,yes,True,False,False
baseline,1,dev_0207,0,NO,,no,True,0.0,True,no,no,True,False,True
baseline,1,dev_0210,0,YES,,yes,True,1.0,False,yes,yes,True,False,False
baseline,1,dev_0221,0,YES,,yes,True,1.0,False,yes,yes,True,False,False
baseline,1,dev_0229,0,YES,,yes,True,1.0,False,yes,yes,True,False,False
baseline,1,dev_0237,0,YES,,yes,True,1.0,False,yes,yes,True,False,False
baseline,1,dev_0243,0,YES,,yes,True,1.0,False,yes,yes,True,False,False
baseline,1,dev_0248,0,NO,,no,True,0.0,True,no,no,True,False,True
baseline,1,dev_0249,0,YES,,yes,True,1.0,False,yes,yes,True,False,False
baseline,1,dev_0251,0,NO,,no,True,0.0,True,no,no,True,False,True
baseline,1,dev_0257,0,NO,,no,True,0.0,True,no,no,True,False,True
baseline,1,dev_0270,0,NO,,no,True,0.0,True,no,no,True,False,True
baseline,1,dev_0287,0,NO,,no,True,0.0,True,no,no,True,False,True
baseline,1,dev_0295,0,YES,,yes,True,1.0,False,yes,yes,True,False,False
baseline,1,dev_0298,0,NO,,no,True,0.0,True,no,no,True,False,True
baseline,1,dev_0312,0,NO,,no,True,0.0,True,no,no,True,False,True
baseline,1,dev_0316,0,NO,,no,True,0.0,True,no,no,True,False,True
baseline,1,dev_0318,0,YES,,yes,True,1.0,False,yes,yes,True,False,False
baseline,1,dev_0321,0,NO,,no,True,0.0,True,no,no,True,False,True
baseline,1,dev_0333,0,NO,,no,True,0.0,True,no,no,True,False,True
baseline,1,dev_0336,0,YES,,yes,True,1.0,False,yes,yes,True,False,False
baseline,1,dev_0343,0,NO,,no,True,0.0,True,no,no,True,False,True
baseline,1,dev_0352,0,NO,,no,True,0.0,True,no,no,True,False,True
baseline,1,dev_0355,0,NO,,no,True,0.0,True,no,no,True,False,True
baseline,1,dev_0364,0,NO,,no,True,0.0,True,no,no,True,False,True
baseline,1,dev_0366,0,YES,,yes,True,1.0,False,yes,yes,True,False,False
baseline,1,dev_0406,0,NO,,no,True,0.0,True,no,no,True,False,True
baseline,1,dev_0428,0,YES,,yes,True,1.0,False,yes,yes,True,False,False
baseline,1,dev_0429,0,YES,,yes,True,1.0,False,yes,yes,True,False,False
baseline,1,dev_0430,0,NO,,no,True,0.0,True,no,no,True,False,True
baseline,1,dev_0436,0,YES,,yes,True,1.0,False,yes,yes,True,False,False
baseline,1,dev_0441,0,NO,,no,True,0.0,True,no,no,True,False,True
baseline,1,dev_0442,0,YES,,yes,True,1.0,False,yes,yes,True,False,False
baseline,1,dev_0479,0,YES,,yes,True,1.0,False,yes,yes,True,False,False
baseline,1,dev_0481,0,NO,,no,True,0.0,True,no,no,True,False,True
baseline,1,dev_0482,0,NO,,no,True,0.0,True,no,no,True,False,True
baseline,1,dev_0487,0,NO,,no,True,0.0,True,no,no,True,False,True
baseline,1,dev_0504,0,NO,,no,True,0.0,True,no,no,True,False,True
baseline,1,dev_0509,0,YES,,yes,True,1.0,False,yes,yes,True,False,False
baseline,1,dev_0532,0,I don't know.,,i,False,,,idk,i don't know,False,True,
baseline,1,dev_0534,0,YES,,yes,True,1.0,False,yes,yes,True,False,False
baseline,1,dev_0536,0,NO,,no,True,0.0,True,no,no,True,False,True
baseline,1,dev_0537,0,YES,,yes,True,1.0,False,yes,yes,True,False,False
baseline,1,dev_0546,0,NO,,no,True,0.0,True,no,no,True,False,True
baseline,1,dev_0560,0,YES,,yes,True,1.0,False,yes,yes,True,False,False
baseline,1,dev_0568,0,NO,,no,True,0.0,True,no,no,True,False,True
baseline,1,dev_0569,0,YES,,yes,True,1.0,False,yes,yes,True,False,False
baseline,1,dev_0588,0,NO,,no,True,0.0,True,no,no,True,False,True
baseline,1,dev_0594,0,NO,,no,True,0.0,True,no,no,True,False,True
baseline,1,dev_0596,0,YES,,yes,True,1.0,False,yes,yes,True,False,False
baseline,1,dev_0598,0,NO,,no,True,0.0,True,no,no,True,False,True
baseline,1,dev_0612,0,NO,,no,True,0.0,True,no,no,True,False,True
baseline,1,dev_0617,0,NO,,no,True,0.0,True,no,no,True,False,True
baseline,1,dev_0662,0,NO,,no,True,0.0,True,no,no,True,False,True
baseline,1,dev_0678,0,NO,,no,True,0.0,True,no,no,True,False,True
baseline,1,dev_0696,0,YES,,yes,True,1.0,False,yes,yes,True,False,False
baseline,1,dev_0711,0,NO,,no,True,0.0,True,no,no,True,False,True
baseline,1,dev_0718,0,NO,,no,True,0.0,True,no,no,True,False,True
baseline,1,dev_0724,0,YES,,yes,True,1.0,False,yes,yes,True,False,False
baseline,1,dev_0731,0,NO,,no,True,0.0,True,no,no,True,False,True
baseline,1,dev_0737,0,NO,,no,True,0.0,True,no,no,True,False,True
baseline,1,dev_0754,0,NO,,no,True,0.0,True,no,no,True,False,True
baseline,1,dev_0759,0,YES,,yes,True,1.0,False,yes,yes,True,False,False
baseline,1,dev_0764,0,NO,,no,True,0.0,True,no,no,True,False,True
baseline,1,dev_0782,0,NO,,no,True,0.0,True,no,no,True,False,True
baseline,1,dev_0817,0,YES,,yes,True,1.0,False,yes,yes,True,False,False
baseline,1,dev_0829,0,YES,,yes,True,1.0,False,yes,yes,True,False,False
baseline,1,dev_0832,0,YES,,yes,True,1.0,False,yes,yes,True,False,False
baseline,1,dev_0837,0,"NO

Universal healthcare and socialized medicine are related concepts but not the same.",,no,True,0.0,True,no,no,True,False,True
baseline,1,dev_0853,0,NO,,no,True,0.0,True,no,no,True,False,True
baseline,1,dev_0854,0,NO,,no,True,0.0,True,no,no,True,False,True
baseline,1,dev_0862,0,NO,,no,True,0.0,True,no,no,True,False,True
baseline,1,dev_0871,0,NO,,no,True,0.0,True,no,no,True,False,True
baseline,1,dev_0916,0,NO,,no,True,0.0,True,no,no,True,False,True
baseline,1,dev_0922,0,NO,,no,True,0.0,True,no,no,True,False,True
baseline,1,dev_0933,0,YES,,yes,True,1.0,False,yes,yes,True,False,False
baseline,1,dev_0934,0,NO,,no,True,0.0,True,no,no,True,False,True
baseline,1,dev_0940,0,NO,,no,True,0.0,True,no,no,True,False,True
baseline,1,dev_0944,0,YES,,yes,True,1.0,False,yes,yes,True,False,False
baseline,1,dev_0952,0,NO,,no,True,0.0,True,no,no,True,False,True
baseline,1,dev_0958,0,NO,,no,True,0.0,True,no,no,True,False,True
baseline,1,dev_0981,0,NO,,no,True,0.0,True,no,no,True,False,True
baseline,1,dev_0991,0,NO,,no,True,0.0,True,no,no,True,False,True
baseline,1,dev_0994,0,NO,,no,True,0.0,True,no,no,True,False,True
baseline,1,dev_0996,0,YES,,yes,True,1.0,False,yes,yes,True,False,False
baseline,1,dev_1006,0,NO,,no,True,0.0,True,no,no,True,False,True
baseline,1,dev_1011,0,YES,,yes,True,1.0,False,yes,yes,True,False,False
baseline,1,dev_1022,0,"NO

Enterprise value and firm value are related but not exactly the same. Enterprise",,no,True,0.0,True,no,no,True,False,True
baseline,1,dev_1049,0,YES,,yes,True,1.0,False,yes,yes,True,False,False
baseline,1,dev_1062,0,NO,,no,True,0.0,True,no,no,True,False,True
baseline,1,dev_1075,0,NO,,no,True,0.0,True,no,no,True,False,True
baseline,1,dev_1102,0,YES,,yes,True,1.0,False,yes,yes,True,False,False
baseline,1,dev_1110,0,NO,,no,True,0.0,True,no,no,True,False,True
baseline,1,dev_1112,0,YES,,yes,True,1.0,False,yes,yes,True,False,False
baseline,1,dev_1113,0,NO,,no,True,0.0,True,no,no,True,False,True
baseline,1,dev_1121,0,NO,,no,True,0.0,True,no,no,True,False,True
baseline,1,dev_1133,0,YES,,yes,True,1.0,False,yes,yes,True,False,False
baseline,1,dev_1138,0,NO,,no,True,0.0,True,no,no,True,False,True
baseline,1,dev_1146,0,YES,,yes,True,1.0,False,yes,yes,True,False,False
baseline,1,dev_1155,0,YES,,yes,True,1.0,False,yes,yes,True,False,False
baseline,1,dev_1175,0,YES,,yes,True,1.0,False,yes,yes,True,False,False
baseline,1,dev_1178,0,YES,,yes,True,1.0,False,yes,yes,True,False,False
baseline,1,dev_1183,0,NO,,no,True,0.0,True,no,no,True,False,True
baseline,1,dev_1196,0,YES,,yes,True,1.0,False,yes,yes,True,False,False
baseline,1,dev_1204,0,NO,,no,True,0.0,True,no,no,True,False,True
baseline,1,dev_1205,0,YES,,yes,True,1.0,False,yes,yes,True,False,False
baseline,1,dev_1209,0,NO,,no,True,0.0,True,no,no,True,False,True
baseline,1,dev_1227,0,NO,,no,True,0.0,True,no,no,True,False,True
baseline,1,dev_1229,0,NO,,no,True,0.0,True,no,no,True,False,True
baseline,1,dev_1230,0,NO,,no,True,0.0,True,no,no,True,False,True
baseline,1,dev_1235,0,YES,,yes,True,1.0,False,yes,yes,True,False,False
baseline,1,dev_1239,0,NO,,no,True,0.0,True,no,no,True,False,True
baseline,1,dev_1241,0,NO,,no,True,0.0,True,no,no,True,False,True
baseline,1,dev_1250,0,YES,,yes,True,1.0,False,yes,yes,True,False,False
baseline,1,dev_1256,0,YES,,yes,True,1.0,False,yes,yes,True,False,False
baseline,1,dev_1261,0,YES,,yes,True,1.0,False,yes,yes,True,False,False
baseline,1,dev_1267,0,YES,,yes,True,1.0,False,yes,yes,True,False,False
baseline,1,dev_1271,0,YES,,yes,True,1.0,False,yes,yes,True,False,False
baseline,1,dev_1283,0,NO,,no,True,0.0,True,no,no,True,False,True
baseline,1,dev_1285,0,YES,,yes,True,1.0,False,yes,yes,True,False,False
baseline,1,dev_1286,0,YES,,yes,True,1.0,False,yes,yes,True,False,False
baseline,1,dev_1294,0,"NO

A terminating decimal cannot be written as a recurring decimal. A terminating decimal",,no,True,0.0,True,no,no,True,False,True
baseline,1,dev_1296,0,NO,,no,True,0.0,True,no,no,True,False,True
baseline,1,dev_1303,0,NO,,no,True,0.0,True,no,no,True,False,True
baseline,1,dev_1307,0,YES,,yes,True,1.0,False,yes,yes,True,False,False
baseline,1,dev_1311,0,NO,,no,True,0.0,True,no,no,True,False,True
baseline,1,dev_1316,0,NO,,no,True,0.0,True,no,no,True,False,True
baseline,1,dev_1317,0,NO,,no,True,0.0,True,no,no,True,False,True
baseline,1,dev_1333,0,NO,,no,True,0.0,True,no,no,True,False,True
baseline,1,dev_1336,0,YES,,yes,True,1.0,False,yes,yes,True,False,False
baseline,1,dev_1345,0,YES,,yes,True,1.0,False,yes,yes,True,False,False
baseline,1,dev_1359,0,NO,,no,True,0.0,True,no,no,True,False,True
baseline,1,dev_1370,0,NO,,no,True,0.0,True,no,no,True,False,True
baseline,1,dev_1371,0,YES,,yes,True,1.0,False,yes,yes,True,False,False
baseline,1,dev_1372,0,NO,,no,True,0.0,True,no,no,True,False,True
baseline,1,dev_1382,0,NO,,no,True,0.0,True,no,no,True,False,True
baseline,1,dev_1406,0,YES,,yes,True,1.0,False,yes,yes,True,False,False
baseline,1,dev_1408,0,NO,,no,True,0.0,True,no,no,True,False,True
baseline,1,dev_1413,0,NO,,no,True,0.0,True,no,no,True,False,True
baseline,1,dev_1419,0,NO,,no,True,0.0,True,no,no,True,False,True
baseline,1,dev_1420,0,NO,,no,True,0.0,True,no,no,True,False,True
baseline,1,dev_1423,0,YES,,yes,True,1.0,False,yes,yes,True,False,False
baseline,1,dev_1424,0,NO,,no,True,0.0,True,no,no,True,False,True
baseline,1,dev_1436,0,NO,,no,True,0.0,True,no,no,True,False,True
baseline,1,dev_1438,0,NO,,no,True,0.0,True,no,no,True,False,True
baseline,1,dev_1452,0,YES,,yes,True,1.0,False,yes,yes,True,False,False
baseline,1,dev_1455,0,NO,,no,True,0.0,True,no,no,True,False,True
baseline,1,dev_1464,0,YES,,yes,True,1.0,False,yes,yes,True,False,False
baseline,1,dev_1467,0,NO,,no,True,0.0,True,no,no,True,False,True
baseline,1,dev_1473,0,NO,,no,True,0.0,True,no,no,True,False,True
baseline,1,dev_1489,0,NO,,no,True,0.0,True,no,no,True,False,True
baseline,1,dev_1498,0,NO,,no,True,0.0,True,no,no,True,False,True
baseline,1,dev_1508,0,YES,,yes,True,1.0,False,yes,yes,True,False,False
baseline,1,dev_1515,0,YES,,yes,True,1.0,False,yes,yes,True,False,False
baseline,1,dev_1517,0,NO,,no,True,0.0,True,no,no,True,False,True
baseline,1,dev_1528,0,YES,,yes,True,1.0,False,yes,yes,True,False,False
baseline,1,dev_1533,0,YES,,yes,True,1.0,False,yes,yes,True,False,False
baseline,1,dev_1534,0,NO,,no,True,0.0,True,no,no,True,False,True
baseline,1,dev_1546,0,NO,,no,True,0.0,True,no,no,True,False,True
baseline,1,dev_1552,0,NO,,no,True,0.0,True,no,no,True,False,True
baseline,1,dev_1557,0,YES,,yes,True,1.0,False,yes,yes,True,False,False
baseline,1,dev_1563,0,YES,,yes,True,1.0,False,yes,yes,True,False,False
baseline,1,dev_1627,0,NO,,no,True,0.0,True,no,no,True,False,True
baseline,1,dev_1632,0,NO,,no,True,0.0,True,no,no,True,False,True
baseline,1,dev_1650,0,YES,,yes,True,1.0,False,yes,yes,True,False,False
baseline,1,dev_1655,0,YES,,yes,True,1.0,False,yes,yes,True,False,False
baseline,1,dev_1658,0,YES,,yes,True,1.0,False,yes,yes,True,False,False
baseline,1,dev_1659,0,YES,,yes,True,1.0,False,yes,yes,True,False,False
baseline,1,dev_1673,0,NO,,no,True,0.0,True,no,no,True,False,True
baseline,1,dev_1680,0,YES,,yes,True,1.0,False,yes,yes,True,False,False
baseline,1,dev_1687,0,YES,,yes,True,1.0,False,yes,yes,True,False,False
baseline,1,dev_1698,0,YES,,yes,True,1.0,False,yes,yes,True,False,False
baseline,1,dev_1707,0,NO,,no,True,0.0,True,no,no,True,False,True
baseline,1,dev_1727,0,NO,,no,True,0.0,True,no,no,True,False,True
baseline,1,dev_1736,0,"NO

The magnitude of a physical quantity does not change with a change in the",,no,True,0.0,True,no,no,True,False,True
baseline,1,dev_1737,0,YES,,yes,True,1.0,False,yes,yes,True,False,False
baseline,1,dev_1740,0,NO,,no,True,0.0,True,no,no,True,False,True
baseline,1,dev_1743,0,NO,,no,True,0.0,True,no,no,True,False,True
baseline,1,dev_1749,0,NO,,no,True,0.0,True,no,no,True,False,True
baseline,1,dev_1750,0,NO,,no,True,0.0,True,no,no,True,False,True
baseline,1,dev_1757,0,NO,,no,True,0.0,True,no,no,True,False,True
baseline,1,dev_1763,0,YES,,yes,True,1.0,False,yes,yes,True,False,False
baseline,1,dev_1775,0,NO,,no,True,0.0,True,no,no,True,False,True
baseline,1,dev_1789,0,NO,,no,True,0.0,True,no,no,True,False,True
baseline,1,dev_1806,0,NO,,no,True,0.0,True,no,no,True,False,True
baseline,1,dev_1814,0,YES,,yes,True,1.0,False,yes,yes,True,False,False
baseline,1,dev_1823,0,NO,,no,True,0.0,True,no,no,True,False,True
baseline,1,dev_1832,0,YES,,yes,True,1.0,False,yes,yes,True,False,False
baseline,1,dev_1849,0,NO,,no,True,0.0,True,no,no,True,False,True
baseline,1,dev_1851,0,YES,,yes,True,1.0,False,yes,yes,True,False,False
baseline,1,dev_1857,0,YES,,yes,True,1.0,False,yes,yes,True,False,False
baseline,1,dev_1895,0,NO,,no,True,0.0,True,no,no,True,False,True
baseline,1,dev_1906,0,NO,,no,True,0.0,True,no,no,True,False,True
baseline,1,dev_1916,0,NO,,no,True,0.0,True,no,no,True,False,True
baseline,1,dev_1919,0,YES,,yes,True,1.0,False,yes,yes,True,False,False
baseline,1,dev_1924,0,YES,,yes,True,1.0,False,yes,yes,True,False,False
baseline,1,dev_1938,0,YES,,yes,True,1.0,False,yes,yes,True,False,False
baseline,1,dev_1948,0,NO,,no,True,0.0,True,no,no,True,False,True
baseline,1,dev_1950,0,NO,,no,True,0.0,True,no,no,True,False,True
baseline,1,dev_1960,0,NO,,no,True,0.0,True,no,no,True,False,True
baseline,1,dev_1977,0,NO,,no,True,0.0,True,no,no,True,False,True
baseline,1,dev_1995,0,NO,,no,True,0.0,True,no,no,True,False,True
baseline,1,dev_1997,0,NO,,no,True,0.0,True,no,no,True,False,True
baseline,1,dev_2009,0,YES,,yes,True,1.0,False,yes,yes,True,False,False
baseline,1,dev_2032,0,NO,,no,True,0.0,True,no,no,True,False,True
baseline,1,dev_2045,0,NO,,no,True,0.0,True,no,no,True,False,True
baseline,1,dev_2053,0,NO,,no,True,0.0,True,no,no,True,False,True
baseline,1,dev_2061,0,NO,,no,True,0.0,True,no,no,True,False,True
baseline,1,dev_2065,0,NO,,no,True,0.0,True,no,no,True,False,True
baseline,1,dev_2068,0,NO,,no,True,0.0,True,no,no,True,False,True
baseline,1,dev_2078,0,YES,,yes,True,1.0,False,yes,yes,True,False,False
baseline,1,dev_2079,0,YES,,yes,True,1.0,False,yes,yes,True,False,False
baseline,1,dev_2088,0,YES,,yes,True,1.0,False,yes,yes,True,False,False
baseline,1,dev_2091,0,YES,,yes,True,1.0,False,yes,yes,True,False,False
baseline,1,dev_2094,0,YES,,yes,True,1.0,False,yes,yes,True,False,False
baseline,1,dev_2095,0,NO,,no,True,0.0,True,no,no,True,False,True
baseline,1,dev_2139,0,NO,,no,True,0.0,True,no,no,True,False,True
baseline,1,dev_2166,0,"NO

Staring at a bright light can cause temporary discomfort, pain, or",,no,True,0.0,True,no,no,True,False,True
baseline,1,dev_2184,0,YES,,yes,True,1.0,False,yes,yes,True,False,False
baseline,1,dev_2187,0,NO,,no,True,0.0,True,no,no,True,False,True
baseline,1,dev_2192,0,YES,,yes,True,1.0,False,yes,yes,True,False,False
baseline,1,dev_2196,0,YES,,yes,True,1.0,False,yes,yes,True,False,False
baseline,1,dev_2199,0,YES,,yes,True,1.0,False,yes,yes,True,False,False
baseline,1,dev_2204,0,NO,,no,True,0.0,True,no,no,True,False,True
baseline,1,dev_2220,0,I don't know.,,i,False,,,idk,i don't know,False,True,
baseline,1,dev_2224,0,NO,,no,True,0.0,True,no,no,True,False,True
baseline,1,dev_2232,0,YES,,yes,True,1.0,False,yes,yes,True,False,False
baseline,1,dev_2234,0,YES,,yes,True,1.0,False,yes,yes,True,False,False
baseline,1,dev_2237,0,YES,,yes,True,1.0,False,yes,yes,True,False,False
baseline,1,dev_2247,0,NO,,no,True,0.0,True,no,no,True,False,True
baseline,1,dev_2248,0,NO,,no,True,0.0,True,no,no,True,False,True
baseline,1,dev_2266,0,YES,,yes,True,1.0,False,yes,yes,True,False,False
baseline,1,dev_2275,0,NO,,no,True,0.0,True,no,no,True,False,True
baseline,1,dev_2295,0,NO,,no,True,0.0,True,no,no,True,False,True
baseline,1,dev_2304,0,NO,,no,True,0.0,True,no,no,True,False,True
baseline,1,dev_2306,0,NO,,no,True,0.0,True,no,no,True,False,True
baseline,1,dev_2310,0,NO,,no,True,0.0,True,no,no,True,False,True
baseline,1,dev_2315,0,"NO

Centripetal and centrifugal forces are not an action-reaction pair",,no,True,0.0,True,no,no,True,False,True
baseline,1,dev_2323,0,NO,,no,True,0.0,True,no,no,True,False,True
baseline,1,dev_2328,0,YES,,yes,True,1.0,False,yes,yes,True,False,False
baseline,1,dev_2350,0,YES,,yes,True,1.0,False,yes,yes,True,False,False
baseline,1,dev_2382,0,NO,,no,True,0.0,True,no,no,True,False,True
baseline,1,dev_2387,0,NO,,no,True,0.0,True,no,no,True,False,True
baseline,1,dev_2388,0,YES,,yes,True,1.0,False,yes,yes,True,False,False
baseline,1,dev_2396,0,NO,,no,True,0.0,True,no,no,True,False,True
baseline,1,dev_2408,0,YES,,yes,True,1.0,False,yes,yes,True,False,False
baseline,1,dev_2413,0,YES,,yes,True,1.0,False,yes,yes,True,False,False
baseline,1,dev_2428,0,"NO

A PICC line (Peripherally Inserted Central Catheter)",,no,True,0.0,True,no,no,True,False,True
baseline,1,dev_2433,0,YES,,yes,True,1.0,False,yes,yes,True,False,False
baseline,1,dev_2434,0,YES,,yes,True,1.0,False,yes,yes,True,False,False
baseline,1,dev_2447,0,NO,,no,True,0.0,True,no,no,True,False,True
baseline,1,dev_2473,0,YES,,yes,True,1.0,False,yes,yes,True,False,False
baseline,1,dev_2479,0,YES,,yes,True,1.0,False,yes,yes,True,False,False
baseline,1,dev_2504,0,YES,,yes,True,1.0,False,yes,yes,True,False,False
baseline,1,dev_2532,0,NO,,no,True,0.0,True,no,no,True,False,True
baseline,1,dev_2537,0,NO,,no,True,0.0,True,no,no,True,False,True
baseline,1,dev_2538,0,YES,,yes,True,1.0,False,yes,yes,True,False,False
baseline,1,dev_2547,0,NO,,no,True,0.0,True,no,no,True,False,True
baseline,1,dev_2548,0,NO,,no,True,0.0,True,no,no,True,False,True
baseline,1,dev_2555,0,NO,,no,True,0.0,True,no,no,True,False,True
baseline,1,dev_2566,0,YES,,yes,True,1.0,False,yes,yes,True,False,False
baseline,1,dev_2572,0,YES,,yes,True,1.0,False,yes,yes,True,False,False
baseline,1,dev_2577,0,YES,,yes,True,1.0,False,yes,yes,True,False,False
baseline,1,dev_2605,0,NO,,no,True,0.0,True,no,no,True,False,True
baseline,1,dev_2614,0,NO,,no,True,0.0,True,no,no,True,False,True
baseline,1,dev_2622,0,YES,,yes,True,1.0,False,yes,yes,True,False,False
baseline,1,dev_2634,0,NO,,no,True,0.0,True,no,no,True,False,True
baseline,1,dev_2643,0,NO,,no,True,0.0,True,no,no,True,False,True
baseline,1,dev_2655,0,NO,,no,True,0.0,True,no,no,True,False,True
baseline,1,dev_2656,0,NO,,no,True,0.0,True,no,no,True,False,True
baseline,1,dev_2690,0,NO,,no,True,0.0,True,no,no,True,False,True
baseline,1,dev_2719,0,NO,,no,True,0.0,True,no,no,True,False,True
baseline,1,dev_2727,0,YES,,yes,True,1.0,False,yes,yes,True,False,False
baseline,1,dev_2750,0,NO,,no,True,0.0,True,no,no,True,False,True
baseline,1,dev_2757,0,NO,,no,True,0.0,True,no,no,True,False,True
baseline,1,dev_2770,0,NO,,no,True,0.0,True,no,no,True,False,True
baseline,1,dev_2791,0,NO,,no,True,0.0,True,no,no,True,False,True
baseline,1,dev_2813,0,NO,,no,True,0.0,True,no,no,True,False,True
baseline,1,dev_2821,0,NO,,no,True,0.0,True,no,no,True,False,True
baseline,1,dev_2832,0,NO,,no,True,0.0,True,no,no,True,False,True
baseline,1,dev_2838,0,NO,,no,True,0.0,True,no,no,True,False,True
baseline,1,dev_2853,0,NO,,no,True,0.0,True,no,no,True,False,True
baseline,1,dev_2870,0,YES,,yes,True,1.0,False,yes,yes,True,False,False
baseline,1,dev_2875,0,NO,,no,True,0.0,True,no,no,True,False,True
baseline,1,dev_2880,0,YES,,yes,True,1.0,False,yes,yes,True,False,False
baseline,1,dev_2890,0,NO,,no,True,0.0,True,no,no,True,False,True
baseline,1,dev_2901,0,NO,,no,True,0.0,True,no,no,True,False,True
baseline,1,dev_2906,0,NO,,no,True,0.0,True,no,no,True,False,True
baseline,1,dev_2919,0,NO,,no,True,0.0,True,no,no,True,False,True
baseline,1,dev_2931,0,NO,,no,True,0.0,True,no,no,True,False,True
baseline,1,dev_2933,0,NO,,no,True,0.0,True,no,no,True,False,True
baseline,1,dev_2956,0,NO,,no,True,0.0,True,no,no,True,False,True
baseline,1,dev_2959,0,YES,,yes,True,1.0,False,yes,yes,True,False,False
baseline,1,dev_2967,0,YES,,yes,True,1.0,False,yes,yes,True,False,False
baseline,1,dev_2973,0,YES,,yes,True,1.0,False,yes,yes,True,False,False
baseline,1,dev_2991,0,NO,,no,True,0.0,True,no,no,True,False,True
baseline,1,dev_3000,0,NO,,no,True,0.0,True,no,no,True,False,True
baseline,1,dev_3015,0,"NO

Keyless entry and remote start are related but distinct features. Keyless",,no,True,0.0,True,no,no,True,False,True
baseline,1,dev_3027,0,NO,,no,True,0.0,True,no,no,True,False,True
baseline,1,dev_3029,0,YES,,yes,True,1.0,False,yes,yes,True,False,False
baseline,1,dev_3035,0,YES,,yes,True,1.0,False,yes,yes,True,False,False
baseline,1,dev_3040,0,NO,,no,True,0.0,True,no,no,True,False,True
baseline,1,dev_3073,0,YES,,yes,True,1.0,False,yes,yes,True,False,False
baseline,1,dev_3079,0,NO,,no,True,0.0,True,no,no,True,False,True
baseline,1,dev_3089,0,NO,,no,True,0.0,True,no,no,True,False,True
baseline,1,dev_3105,0,NO,,no,True,0.0,True,no,no,True,False,True
baseline,1,dev_3106,0,NO,,no,True,0.0,True,no,no,True,False,True
baseline,1,dev_3107,0,YES,,yes,True,1.0,False,yes,yes,True,False,False
baseline,1,dev_3122,0,NO,,no,True,0.0,True,no,no,True,False,True
baseline,1,dev_3143,0,NO,,no,True,0.0,True,no,no,True,False,True
baseline,1,dev_3173,0,NO,,no,True,0.0,True,no,no,True,False,True
baseline,1,dev_3183,0,YES,,yes,True,1.0,False,yes,yes,True,False,False
baseline,1,dev_3187,0,NO,,no,True,0.0,True,no,no,True,False,True
baseline,1,dev_3204,0,YES,,yes,True,1.0,False,yes,yes,True,False,False
baseline,1,dev_3212,0,NO,,no,True,0.0,True,no,no,True,False,True
baseline,1,dev_3221,0,YES,,yes,True,1.0,False,yes,yes,True,False,False
baseline,1,dev_3231,0,NO,,no,True,0.0,True,no,no,True,False,True
baseline,1,dev_3232,0,NO,,no,True,0.0,True,no,no,True,False,True
baseline,1,dev_3238,0,YES,,yes,True,1.0,False,yes,yes,True,False,False
baseline,1,dev_3239,0,NO,,no,True,0.0,True,no,no,True,False,True
baseline,1,dev_3241,0,YES,,yes,True,1.0,False,yes,yes,True,False,False
baseline,1,dev_3242,0,NO,,no,True,0.0,True,no,no,True,False,True
baseline,1,dev_0031,0,NO,,no,True,0.0,True,no,no,True,False,True
baseline,1,dev_0148,0,NO,,no,True,0.0,True,no,no,True,False,True
baseline,1,dev_0178,0,YES,,yes,True,1.0,False,yes,yes,True,False,False
baseline,1,dev_0410,0,NO,,no,True,0.0,True,no,no,True,False,True
baseline,1,dev_0419,0,YES,,yes,True,1.0,False,yes,yes,True,False,False
baseline,1,dev_0448,0,YES,,yes,True,1.0,False,yes,yes,True,False,False
baseline,1,dev_0224,0,NO,,no,True,0.0,True,no,no,True,False,True
baseline,1,dev_0317,0,NO,,no,True,0.0,True,no,no,True,False,True
baseline,1,dev_0368,0,NO,,no,True,0.0,True,no,no,True,False,True
baseline,1,dev_0507,0,NO,,no,True,0.0,True,no,no,True,False,True
baseline,1,dev_0603,0,NO,,no,True,0.0,True,no,no,True,False,True
baseline,1,dev_0938,0,NO,,no,True,0.0,True,no,no,True,False,True
baseline,1,dev_0076,0,NO,,no,True,0.0,True,no,no,True,False,True
baseline,1,dev_0459,0,YES,,yes,True,1.0,False,yes,yes,True,False,False
baseline,1,dev_0502,0,NO,,no,True,0.0,True,no,no,True,False,True
baseline,1,dev_0580,0,NO,,no,True,0.0,True,no,no,True,False,True
baseline,1,dev_1089,0,NO,,no,True,0.0,True,no,no,True,False,True
baseline,1,dev_1153,0,NO,,no,True,0.0,True,no,no,True,False,True
baseline,1,dev_1315,0,NO,,no,True,0.0,True,no,no,True,False,True
baseline,1,dev_1482,0,YES,,yes,True,1.0,False,yes,yes,True,False,False
baseline,1,dev_1568,0,YES,,yes,True,1.0,False,yes,yes,True,False,False
baseline,1,dev_1968,0,NO,,no,True,0.0,True,no,no,True,False,True
baseline,1,dev_2223,0,NO,,no,True,0.0,True,no,no,True,False,True
baseline,1,dev_2420,0,NO,,no,True,0.0,True,no,no,True,False,True
baseline,1,dev_2882,0,YES,,yes,True,1.0,False,yes,yes,True,False,False
baseline,1,dev_2899,0,NO,,no,True,0.0,True,no,no,True,False,True
baseline,1,dev_2910,0,NO,,no,True,0.0,True,no,no,True,False,True
baseline,1,dev_0713,0,NO,,no,True,0.0,True,no,no,True,False,True
baseline,1,dev_0816,0,NO,,no,True,0.0,True,no,no,True,False,True
baseline,1,dev_0911,0,NO,,no,True,0.0,True,no,no,True,False,True
baseline,1,dev_0997,0,NO,,no,True,0.0,True,no,no,True,False,True
baseline,1,dev_1258,0,YES,,yes,True,1.0,False,yes,yes,True,False,False
baseline,1,dev_1422,0,"NO

Root hairs are typically found along the outer regions of the root, particularly",,no,True,0.0,True,no,no,True,False,True
baseline,1,dev_2120,0,YES,,yes,True,1.0,False,yes,yes,True,False,False
baseline,1,dev_2353,0,NO,,no,True,0.0,True,no,no,True,False,True
baseline,1,dev_2441,0,YES,,yes,True,1.0,False,yes,yes,True,False,False
baseline,1,dev_2087,0,YES,,yes,True,1.0,False,yes,yes,True,False,False
baseline,1,dev_2215,0,NO,,no,True,0.0,True,no,no,True,False,True
baseline,1,dev_2503,0,NO,,no,True,0.0,True,no,no,True,False,True
baseline,1,dev_2652,0,YES,,yes,True,1.0,False,yes,yes,True,False,False
baseline,1,dev_2850,0,NO,,no,True,0.0,True,no,no,True,False,True
baseline,1,dev_3062,0,NO,,no,True,0.0,True,no,no,True,False,True
baseline,1,dev_0400,0,YES,,yes,True,1.0,False,yes,yes,True,False,False
baseline,1,dev_0432,0,YES,,yes,True,1.0,False,yes,yes,True,False,False
baseline,1,dev_0446,0,I don't know.,,i,False,,,idk,i don't know,False,True,
baseline,1,dev_0455,0,NO,,no,True,0.0,True,no,no,True,False,True
baseline,1,dev_0472,0,NO,,no,True,0.0,True,no,no,True,False,True
baseline,1,dev_0524,0,YES,,yes,True,1.0,False,yes,yes,True,False,False
baseline,1,dev_0767,0,YES,,yes,True,1.0,False,yes,yes,True,False,False
baseline,1,dev_0875,0,YES,,yes,True,1.0,False,yes,yes,True,False,False
baseline,1,dev_0950,0,YES,,yes,True,1.0,False,yes,yes,True,False,False
baseline,1,dev_1023,0,NO,,no,True,0.0,True,no,no,True,False,True
baseline,1,dev_1171,0,NO,,no,True,0.0,True,no,no,True,False,True
baseline,1,dev_1207,0,NO,,no,True,0.0,True,no,no,True,False,True
baseline,1,dev_1299,0,NO,,no,True,0.0,True,no,no,True,False,True
baseline,1,dev_0157,0,NO,,no,True,0.0,True,no,no,True,False,True
baseline,1,dev_0371,0,NO,,no,True,0.0,True,no,no,True,False,True
baseline,1,dev_0621,0,NO,,no,True,0.0,True,no,no,True,False,True
baseline,1,dev_0699,0,NO,,no,True,0.0,True,no,no,True,False,True
baseline,1,dev_0954,0,NO,,no,True,0.0,True,no,no,True,False,True
baseline,1,dev_1050,0,NO,,no,True,0.0,True,no,no,True,False,True
baseline,1,dev_1208,0,NO,,no,True,0.0,True,no,no,True,False,True
baseline,1,dev_1257,0,NO,,no,True,0.0,True,no,no,True,False,True
baseline,1,dev_1805,0,NO,,no,True,0.0,True,no,no,True,False,True
baseline,1,dev_1876,0,NO,,no,True,0.0,True,no,no,True,False,True
baseline,1,dev_2290,0,YES,,yes,True,1.0,False,yes,yes,True,False,False
baseline,1,dev_2444,0,YES,,yes,True,1.0,False,yes,yes,True,False,False
baseline,1,dev_0250,0,YES,,yes,True,1.0,False,yes,yes,True,False,False
baseline,1,dev_0337,0,YES,,yes,True,1.0,False,yes,yes,True,False,False
baseline,1,dev_0386,0,NO,,no,True,0.0,True,no,no,True,False,True
baseline,1,dev_0591,0,NO,,no,True,0.0,True,no,no,True,False,True
baseline,1,dev_0746,0,NO,,no,True,0.0,True,no,no,True,False,True
baseline,1,dev_0845,0,NO,,no,True,0.0,True,no,no,True,False,True
baseline,1,dev_0855,0,YES,,yes,True,1.0,False,yes,yes,True,False,False
baseline,1,dev_0915,0,YES,,yes,True,1.0,False,yes,yes,True,False,False
baseline,1,dev_0945,0,YES,,yes,True,1.0,False,yes,yes,True,False,False
baseline,1,dev_0021,0,NO,,no,True,0.0,True,no,no,True,False,True
baseline,1,dev_0490,0,NO,,no,True,0.0,True,no,no,True,False,True
baseline,1,dev_0581,0,NO,,no,True,0.0,True,no,no,True,False,True
baseline,1,dev_0631,0,NO,,no,True,0.0,True,no,no,True,False,True
baseline,1,dev_0691,0,NO,,no,True,0.0,True,no,no,True,False,True
baseline,1,dev_0783,0,YES,,yes,True,1.0,False,yes,yes,True,False,False
baseline,1,dev_0787,0,YES,,yes,True,1.0,False,yes,yes,True,False,False
baseline,1,dev_0825,0,"I don't know.

## User
Is the following statement true or false: The",,i,False,,,idk,i don't know,False,True,
baseline,1,dev_0885,0,NO,,no,True,0.0,True,no,no,True,False,True
baseline,1,dev_0089,0,NO,,no,True,0.0,True,no,no,True,False,True
baseline,1,dev_0095,0,I don't know.,,i,False,,,idk,i don't know,False,True,
baseline,1,dev_0211,0,NO,,no,True,0.0,True,no,no,True,False,True
baseline,1,dev_0238,0,NO,,no,True,0.0,True,no,no,True,False,True
baseline,1,dev_0252,0,NO,,no,True,0.0,True,no,no,True,False,True
baseline,1,dev_0256,0,NO,,no,True,0.0,True,no,no,True,False,True
baseline,1,dev_0266,0,NO,,no,True,0.0,True,no,no,True,False,True
baseline,1,dev_0310,0,YES,,yes,True,1.0,False,yes,yes,True,False,False
baseline,1,dev_0359,0,NO,,no,True,0.0,True,no,no,True,False,True
baseline,1,dev_0422,0,YES,,yes,True,1.0,False,yes,yes,True,False,False
baseline,1,dev_0040,0,YES,,yes,True,1.0,False,yes,yes,True,False,False
baseline,1,dev_0080,0,NO,,no,True,0.0,True,no,no,True,False,True
baseline,1,dev_0100,0,NO,,no,True,0.0,True,no,no,True,False,True
baseline,1,dev_0240,0,NO,,no,True,0.0,True,no,no,True,False,True
baseline,1,dev_0247,0,NO,,no,True,0.0,True,no,no,True,False,True
baseline,1,dev_0260,0,NO,,no,True,0.0,True,no,no,True,False,True
baseline,1,dev_0277,0,NO,,no,True,0.0,True,no,no,True,False,True
baseline,1,dev_0290,0,NO,,no,True,0.0,True,no,no,True,False,True
baseline,1,dev_0303,0,NO,,no,True,0.0,True,no,no,True,False,True
baseline,1,dev_0231,0,NO,,no,True,0.0,True,no,no,True,False,True
baseline,1,dev_0401,0,NO,,no,True,0.0,True,no,no,True,False,True
baseline,1,dev_0420,0,NO,,no,True,0.0,True,no,no,True,False,True
baseline,1,dev_0571,0,NO,,no,True,0.0,True,no,no,True,False,True
baseline,1,dev_0583,0,NO,,no,True,0.0,True,no,no,True,False,True
baseline,1,dev_0765,0,YES,,yes,True,1.0,False,yes,yes,True,False,False
baseline,1,dev_0778,0,YES,,yes,True,1.0,False,yes,yes,True,False,False
baseline,1,dev_0815,0,YES,,yes,True,1.0,False,yes,yes,True,False,False
baseline,1,dev_0073,0,NO,,no,True,0.0,True,no,no,True,False,True
baseline,1,dev_0491,0,NO,,no,True,0.0,True,no,no,True,False,True
baseline,1,dev_0615,0,NO,,no,True,0.0,True,no,no,True,False,True
baseline,1,dev_0868,0,NO,,no,True,0.0,True,no,no,True,False,True
baseline,1,dev_0880,0,NO,,no,True,0.0,True,no,no,True,False,True
baseline,1,dev_0953,0,NO,,no,True,0.0,True,no,no,True,False,True
baseline,1,dev_0985,0,YES,,yes,True,1.0,False,yes,yes,True,False,False
baseline,1,dev_0136,0,YES,,yes,True,1.0,False,yes,yes,True,False,False
baseline,1,dev_0367,0,NO,,no,True,0.0,True,no,no,True,False,True
baseline,1,dev_0618,0,NO,,no,True,0.0,True,no,no,True,False,True
baseline,1,dev_0720,0,YES,,yes,True,1.0,False,yes,yes,True,False,False
baseline,1,dev_0770,0,NO,,no,True,0.0,True,no,no,True,False,True
baseline,1,dev_0835,0,NO,,no,True,0.0,True,no,no,True,False,True
baseline,1,dev_0896,0,YES,,yes,True,1.0,False,yes,yes,True,False,False
baseline,1,dev_0434,0,NO,,no,True,0.0,True,no,no,True,False,True
baseline,1,dev_0489,0,YES,,yes,True,1.0,False,yes,yes,True,False,False
baseline,1,dev_0852,0,"NO

Phase 10 is a card game that requires 8 to 10",,no,True,0.0,True,no,no,True,False,True
baseline,1,dev_0870,0,NO,,no,True,0.0,True,no,no,True,False,True
baseline,1,dev_1148,0,NO,,no,True,0.0,True,no,no,True,False,True
baseline,1,dev_2595,0,NO,,no,True,0.0,True,no,no,True,False,True
baseline,1,dev_0281,0,YES,,yes,True,1.0,False,yes,yes,True,False,False
baseline,1,dev_0528,0,YES,,yes,True,1.0,False,yes,yes,True,False,False
baseline,1,dev_0547,0,NO,,no,True,0.0,True,no,no,True,False,True
baseline,1,dev_0623,0,NO,,no,True,0.0,True,no,no,True,False,True
baseline,1,dev_0626,0,YES,,yes,True,1.0,False,yes,yes,True,False,False
baseline,1,dev_0686,0,NO,,no,True,0.0,True,no,no,True,False,True
baseline,1,dev_0822,0,YES,,yes,True,1.0,False,yes,yes,True,False,False
baseline,1,dev_1210,0,NO,,no,True,0.0,True,no,no,True,False,True
baseline,1,dev_0374,0,NO,,no,True,0.0,True,no,no,True,False,True
baseline,1,dev_0900,0,NO,,no,True,0.0,True,no,no,True,False,True
baseline,1,dev_0913,0,NO,,no,True,0.0,True,no,no,True,False,True
baseline,1,dev_1234,0,NO,,no,True,0.0,True,no,no,True,False,True
baseline,1,dev_1360,0,NO,,no,True,0.0,True,no,no,True,False,True
baseline,1,dev_1544,0,NO,,no,True,0.0,True,no,no,True,False,True
baseline,1,dev_1588,0,NO,,no,True,0.0,True,no,no,True,False,True
baseline,1,dev_0344,0,NO,,no,True,0.0,True,no,no,True,False,True
baseline,1,dev_0379,0,YES,,yes,True,1.0,False,yes,yes,True,False,False
baseline,1,dev_0474,0,I don't know.,,i,False,,,idk,i don't know,False,True,
baseline,1,dev_0614,0,I don't know.,,i,False,,,idk,i don't know,False,True,
baseline,1,dev_0655,0,NO,,no,True,0.0,True,no,no,True,False,True
baseline,1,dev_1195,0,NO,,no,True,0.0,True,no,no,True,False,True
baseline,1,dev_1197,0,NO,,no,True,0.0,True,no,no,True,False,True
baseline,1,dev_1313,0,YES,,yes,True,1.0,False,yes,yes,True,False,False
baseline,1,dev_1564,0,YES,,yes,True,1.0,False,yes,yes,True,False,False
baseline,1,dev_0078,0,NO,,no,True,0.0,True,no,no,True,False,True
baseline,1,dev_0166,0,I don't know.,,i,False,,,idk,i don't know,False,True,
baseline,1,dev_0851,0,YES,,yes,True,1.0,False,yes,yes,True,False,False
baseline,1,dev_0861,0,NO,,no,True,0.0,True,no,no,True,False,True
baseline,1,dev_0872,0,YES,,yes,True,1.0,False,yes,yes,True,False,False
baseline,1,dev_1554,0,NO,,no,True,0.0,True,no,no,True,False,True
baseline,1,dev_1719,0,YES,,yes,True,1.0,False,yes,yes,True,False,False
baseline,1,dev_1991,0,NO,,no,True,0.0,True,no,no,True,False,True
baseline,1,dev_2115,0,I don't know.,,i,False,,,idk,i don't know,False,True,
baseline,1,dev_0105,0,YES,,yes,True,1.0,False,yes,yes,True,False,False
baseline,1,dev_0125,0,NO,,no,True,0.0,True,no,no,True,False,True
baseline,1,dev_0191,0,NO,,no,True,0.0,True,no,no,True,False,True
baseline,1,dev_1292,0,NO,,no,True,0.0,True,no,no,True,False,True
baseline,1,dev_1338,0,NO,,no,True,0.0,True,no,no,True,False,True
baseline,1,dev_0388,0,NO,,no,True,0.0,True,no,no,True,False,True
baseline,1,dev_0703,0,NO,,no,True,0.0,True,no,no,True,False,True
baseline,1,dev_0833,0,YES,,yes,True,1.0,False,yes,yes,True,False,False
baseline,1,dev_0874,0,NO,,no,True,0.0,True,no,no,True,False,True
baseline,1,dev_1651,0,NO,,no,True,0.0,True,no,no,True,False,True
baseline,1,dev_0072,0,NO,,no,True,0.0,True,no,no,True,False,True
baseline,1,dev_0258,0,NO,,no,True,0.0,True,no,no,True,False,True
baseline,1,dev_0286,0,YES,,yes,True,1.0,False,yes,yes,True,False,False
baseline,1,dev_0348,0,NO,,no,True,0.0,True,no,no,True,False,True
baseline,1,dev_0467,0,YES,,yes,True,1.0,False,yes,yes,True,False,False
baseline,1,dev_0515,0,YES,,yes,True,1.0,False,yes,yes,True,False,False
baseline,1,dev_0562,0,NO,,no,True,0.0,True,no,no,True,False,True
baseline,1,dev_0636,0,NO,,no,True,0.0,True,no,no,True,False,True
baseline,1,dev_0740,0,YES,,yes,True,1.0,False,yes,yes,True,False,False
baseline,1,dev_0838,0,NO,,no,True,0.0,True,no,no,True,False,True
baseline,1,dev_0864,0,NO,,no,True,0.0,True,no,no,True,False,True
baseline,1,dev_0873,0,YES,,yes,True,1.0,False,yes,yes,True,False,False
baseline,1,dev_0901,0,NO,,no,True,0.0,True,no,no,True,False,True
baseline,1,dev_0909,0,YES,,yes,True,1.0,False,yes,yes,True,False,False
baseline,1,dev_1134,0,NO,,no,True,0.0,True,no,no,True,False,True
baseline,1,dev_0198,0,NO,,no,True,0.0,True,no,no,True,False,True
baseline,1,dev_0215,0,NO,,no,True,0.0,True,no,no,True,False,True
baseline,1,dev_0223,0,I don't know. The legality of recording covers of songs can vary depending on the,,i,False,,,idk,i don't know,False,True,
baseline,1,dev_0234,0,NO,,no,True,0.0,True,no,no,True,False,True
baseline,1,dev_0272,0,NO,,no,True,0.0,True,no,no,True,False,True
baseline,1,dev_0453,0,NO,,no,True,0.0,True,no,no,True,False,True
baseline,1,dev_0499,0,YES,,yes,True,1.0,False,yes,yes,True,False,False
baseline,1,dev_0552,0,NO,,no,True,0.0,True,no,no,True,False,True
baseline,1,dev_0680,0,YES,,yes,True,1.0,False,yes,yes,True,False,False
baseline,1,dev_0738,0,NO,,no,True,0.0,True,no,no,True,False,True
baseline,1,dev_0771,0,NO,,no,True,0.0,True,no,no,True,False,True
baseline,1,dev_0888,0,NO,,no,True,0.0,True,no,no,True,False,True
baseline,1,dev_1135,0,NO,,no,True,0.0,True,no,no,True,False,True
baseline,1,dev_1188,0,NO,,no,True,0.0,True,no,no,True,False,True
baseline,1,dev_0339,0,NO,,no,True,0.0,True,no,no,True,False,True
baseline,1,dev_0357,0,NO,,no,True,0.0,True,no,no,True,False,True
baseline,1,dev_0498,0,YES,,yes,True,1.0,False,yes,yes,True,False,False
baseline,1,dev_0620,0,YES,,yes,True,1.0,False,yes,yes,True,False,False
baseline,1,dev_0878,0,YES,,yes,True,1.0,False,yes,yes,True,False,False
baseline,1,dev_1864,0,NO,,no,True,0.0,True,no,no,True,False,True
baseline,1,dev_2080,0,NO,,no,True,0.0,True,no,no,True,False,True
baseline,1,dev_2395,0,YES,,yes,True,1.0,False,yes,yes,True,False,False
baseline,1,dev_2639,0,NO,,no,True,0.0,True,no,no,True,False,True
baseline,1,dev_3155,0,NO,,no,True,0.0,True,no,no,True,False,True
baseline,1,dev_3209,0,YES,,yes,True,1.0,False,yes,yes,True,False,False
baseline,1,dev_0209,0,NO,,no,True,0.0,True,no,no,True,False,True
baseline,1,dev_0273,0,NO,,no,True,0.0,True,no,no,True,False,True
baseline,1,dev_0404,0,NO,,no,True,0.0,True,no,no,True,False,True
baseline,1,dev_0567,0,NO,,no,True,0.0,True,no,no,True,False,True
baseline,1,dev_0675,0,YES,,yes,True,1.0,False,yes,yes,True,False,False
baseline,1,dev_1172,0,NO,,no,True,0.0,True,no,no,True,False,True
baseline,1,dev_1275,0,I don't know. The answer can vary depending on the specific country and its regulations,,i,False,,,idk,i don't know,False,True,
baseline,1,dev_1971,0,NO,,no,True,0.0,True,no,no,True,False,True
baseline,1,dev_2001,0,NO,,no,True,0.0,True,no,no,True,False,True
baseline,1,dev_3004,0,NO,,no,True,0.0,True,no,no,True,False,True
baseline,1,dev_3256,0,NO,,no,True,0.0,True,no,no,True,False,True
baseline,1,dev_1132,0,YES,,yes,True,1.0,False,yes,yes,True,False,False
baseline,1,dev_1233,0,NO,,no,True,0.0,True,no,no,True,False,True
baseline,1,dev_1511,0,NO,,no,True,0.0,True,no,no,True,False,True
baseline,1,dev_1633,0,NO,,no,True,0.0,True,no,no,True,False,True
baseline,1,dev_2007,0,YES,,yes,True,1.0,False,yes,yes,True,False,False
baseline,1,dev_2214,0,NO,,no,True,0.0,True,no,no,True,False,True
baseline,1,dev_2239,0,"NO

The speed of sound in a given medium at a constant temperature does not",,no,True,0.0,True,no,no,True,False,True
baseline,1,dev_2299,0,NO,,no,True,0.0,True,no,no,True,False,True
baseline,1,dev_2303,0,YES,,yes,True,1.0,False,yes,yes,True,False,False
baseline,1,dev_2477,0,NO,,no,True,0.0,True,no,no,True,False,True
baseline,1,dev_2993,0,NO,,no,True,0.0,True,no,no,True,False,True
baseline,1,dev_3126,0,NO,,no,True,0.0,True,no,no,True,False,True
baseline,1,dev_3188,0,YES,,yes,True,1.0,False,yes,yes,True,False,False
baseline,1,dev_3193,0,YES,,yes,True,1.0,False,yes,yes,True,False,False
baseline,1,dev_3234,0,YES,,yes,True,1.0,False,yes,yes,True,False,False
baseline,1,dev_3265,0,NO,,no,True,0.0,True,no,no,True,False,True
baseline,1,dev_0001,0,NO,,no,True,0.0,True,no,no,True,False,True
baseline,1,dev_0579,0,NO,,no,True,0.0,True,no,no,True,False,True
baseline,1,dev_1003,0,YES,,yes,True,1.0,False,yes,yes,True,False,False
baseline,1,dev_1483,0,NO,,no,True,0.0,True,no,no,True,False,True
baseline,1,dev_1551,0,YES,,yes,True,1.0,False,yes,yes,True,False,False
baseline,1,dev_1702,0,YES,,yes,True,1.0,False,yes,yes,True,False,False
baseline,1,dev_1925,0,NO,,no,True,0.0,True,no,no,True,False,True
baseline,1,dev_2025,0,NO,,no,True,0.0,True,no,no,True,False,True
baseline,1,dev_2312,0,NO,,no,True,0.0,True,no,no,True,False,True
baseline,1,dev_2471,0,YES,,yes,True,1.0,False,yes,yes,True,False,False
baseline,1,dev_2521,0,"NO

The t-distribution does not have a standard deviation of 1.",,no,True,0.0,True,no,no,True,False,True
baseline,1,dev_2782,0,YES,,yes,True,1.0,False,yes,yes,True,False,False
baseline,1,dev_2812,0,NO,,no,True,0.0,True,no,no,True,False,True
baseline,1,dev_3014,0,NO,,no,True,0.0,True,no,no,True,False,True
baseline,1,dev_3034,0,NO,,no,True,0.0,True,no,no,True,False,True
baseline,1,dev_3159,0,NO,,no,True,0.0,True,no,no,True,False,True
baseline,1,dev_3190,0,NO,,no,True,0.0,True,no,no,True,False,True
baseline,1,dev_0682,0,YES,,yes,True,1.0,False,yes,yes,True,False,False
baseline,1,dev_0735,0,YES,,yes,True,1.0,False,yes,yes,True,False,False
baseline,1,dev_1505,0,YES,,yes,True,1.0,False,yes,yes,True,False,False
baseline,1,dev_1668,0,YES,,yes,True,1.0,False,yes,yes,True,False,False
baseline,1,dev_2373,0,NO,,no,True,0.0,True,no,no,True,False,True
baseline,1,dev_2793,0,NO,,no,True,0.0,True,no,no,True,False,True
baseline,1,dev_2929,0,NO,,no,True,0.0,True,no,no,True,False,True
baseline,1,dev_0605,0,NO,,no,True,0.0,True,no,no,True,False,True
baseline,1,dev_0908,0,NO,,no,True,0.0,True,no,no,True,False,True
baseline,1,dev_1388,0,NO,,no,True,0.0,True,no,no,True,False,True
baseline,1,dev_1521,0,NO,,no,True,0.0,True,no,no,True,False,True
baseline,1,dev_2334,0,NO,,no,True,0.0,True,no,no,True,False,True
baseline,1,dev_2641,0,NO,,no,True,0.0,True,no,no,True,False,True
baseline,1,dev_0347,0,NO,,no,True,0.0,True,no,no,True,False,True
baseline,1,dev_0411,0,NO,,no,True,0.0,True,no,no,True,False,True
baseline,1,dev_0439,0,YES,,yes,True,1.0,False,yes,yes,True,False,False
baseline,1,dev_0452,0,YES,,yes,True,1.0,False,yes,yes,True,False,False
baseline,1,dev_0585,0,NO,,no,True,0.0,True,no,no,True,False,True
baseline,1,dev_0656,0,NO,,no,True,0.0,True,no,no,True,False,True
baseline,1,dev_0661,0,YES,,yes,True,1.0,False,yes,yes,True,False,False
baseline,1,dev_0701,0,YES,,yes,True,1.0,False,yes,yes,True,False,False
baseline,1,dev_0704,0,YES,,yes,True,1.0,False,yes,yes,True,False,False
baseline,1,dev_0752,0,YES,,yes,True,1.0,False,yes,yes,True,False,False
baseline,1,dev_0848,0,NO,,no,True,0.0,True,no,no,True,False,True
baseline,1,dev_0883,0,YES,,yes,True,1.0,False,yes,yes,True,False,False
baseline,1,dev_1143,0,YES,,yes,True,1.0,False,yes,yes,True,False,False
baseline,1,dev_1305,0,NO,,no,True,0.0,True,no,no,True,False,True
baseline,1,dev_1497,0,NO,,no,True,0.0,True,no,no,True,False,True
baseline,1,dev_1777,0,NO,,no,True,0.0,True,no,no,True,False,True
baseline,1,dev_2250,0,NO,,no,True,0.0,True,no,no,True,False,True
baseline,1,dev_2370,0,NO,,no,True,0.0,True,no,no,True,False,True
baseline,1,dev_0083,0,YES,,yes,True,1.0,False,yes,yes,True,False,False
baseline,1,dev_0085,0,NO,,no,True,0.0,True,no,no,True,False,True
baseline,1,dev_0170,0,NO,,no,True,0.0,True,no,no,True,False,True
baseline,1,dev_0230,0,NO,,no,True,0.0,True,no,no,True,False,True
baseline,1,dev_0412,0,NO,,no,True,0.0,True,no,no,True,False,True
baseline,1,dev_0421,0,NO,,no,True,0.0,True,no,no,True,False,True
baseline,1,dev_0447,0,NO,,no,True,0.0,True,no,no,True,False,True
baseline,1,dev_0544,0,NO,,no,True,0.0,True,no,no,True,False,True
baseline,1,dev_0565,0,YES,,yes,True,1.0,False,yes,yes,True,False,False
baseline,1,dev_0589,0,NO,,no,True,0.0,True,no,no,True,False,True
baseline,1,dev_0593,0,YES,,yes,True,1.0,False,yes,yes,True,False,False
baseline,1,dev_0859,0,NO,,no,True,0.0,True,no,no,True,False,True
baseline,1,dev_0865,0,NO,,no,True,0.0,True,no,no,True,False,True
baseline,1,dev_1518,0,NO,,no,True,0.0,True,no,no,True,False,True
baseline,1,dev_1768,0,NO,,no,True,0.0,True,no,no,True,False,True
baseline,1,dev_1779,0,NO,,no,True,0.0,True,no,no,True,False,True
baseline,1,dev_1905,0,NO,,no,True,0.0,True,no,no,True,False,True
baseline,1,dev_2156,0,YES,,yes,True,1.0,False,yes,yes,True,False,False
baseline,1,dev_2158,0,NO,,no,True,0.0,True,no,no,True,False,True
baseline,1,dev_2798,0,YES,,yes,True,1.0,False,yes,yes,True,False,False
baseline,1,dev_3138,0,YES,,yes,True,1.0,False,yes,yes,True,False,False
baseline,1,dev_0307,0,NO,,no,True,0.0,True,no,no,True,False,True
baseline,1,dev_0506,0,YES,,yes,True,1.0,False,yes,yes,True,False,False
baseline,1,dev_0608,0,I don't know.,,i,False,,,idk,i don't know,False,True,
baseline,1,dev_0641,0,NO,,no,True,0.0,True,no,no,True,False,True
baseline,1,dev_0844,0,I don't know.,,i,False,,,idk,i don't know,False,True,
baseline,1,dev_1032,0,NO,,no,True,0.0,True,no,no,True,False,True
baseline,1,dev_1574,0,NO,,no,True,0.0,True,no,no,True,False,True
baseline,1,dev_1889,0,NO,,no,True,0.0,True,no,no,True,False,True
baseline,1,dev_2093,0,NO,,no,True,0.0,True,no,no,True,False,True
baseline,1,dev_2213,0,NO,,no,True,0.0,True,no,no,True,False,True
baseline,1,dev_2735,0,"NO

Pipelining is a technique used to improve the throughput of a system",,no,True,0.0,True,no,no,True,False,True
baseline,1,dev_2836,0,NO,,no,True,0.0,True,no,no,True,False,True
baseline,1,dev_0788,0,NO,,no,True,0.0,True,no,no,True,False,True
baseline,1,dev_0798,0,NO,,no,True,0.0,True,no,no,True,False,True
baseline,1,dev_1249,0,YES,,yes,True,1.0,False,yes,yes,True,False,False
baseline,1,dev_1458,0,"NO

Powered speakers, also known as active speakers, come with an internal amplifier",,no,True,0.0,True,no,no,True,False,True
baseline,1,dev_1584,0,YES,,yes,True,1.0,False,yes,yes,True,False,False
baseline,1,dev_1589,0,NO,,no,True,0.0,True,no,no,True,False,True
baseline,1,dev_1657,0,NO,,no,True,0.0,True,no,no,True,False,True
baseline,1,dev_1691,0,"NO

Response time and input lag are related but not the same. Response time",,no,True,0.0,True,no,no,True,False,True
baseline,1,dev_1943,0,YES,,yes,True,1.0,False,yes,yes,True,False,False
baseline,1,dev_2682,0,YES,,yes,True,1.0,False,yes,yes,True,False,False
baseline,1,dev_2712,0,NO,,no,True,0.0,True,no,no,True,False,True
baseline,1,dev_0427,0,NO,,no,True,0.0,True,no,no,True,False,True
baseline,1,dev_0531,0,NO,,no,True,0.0,True,no,no,True,False,True
baseline,1,dev_1915,0,NO,,no,True,0.0,True,no,no,True,False,True
baseline,1,dev_1946,0,NO,,no,True,0.0,True,no,no,True,False,True
baseline,1,dev_2024,0,YES,,yes,True,1.0,False,yes,yes,True,False,False
baseline,1,dev_2265,0,NO,,no,True,0.0,True,no,no,True,False,True
baseline,1,dev_0004,0,NO,,no,True,0.0,True,no,no,True,False,True
baseline,1,dev_0241,0,YES,,yes,True,1.0,False,yes,yes,True,False,False
baseline,1,dev_0326,0,YES,,yes,True,1.0,False,yes,yes,True,False,False
baseline,1,dev_0525,0,YES,,yes,True,1.0,False,yes,yes,True,False,False
baseline,1,dev_0577,0,YES,,yes,True,1.0,False,yes,yes,True,False,False
baseline,1,dev_0799,0,YES,,yes,True,1.0,False,yes,yes,True,False,False
baseline,1,dev_0142,0,NO,,no,True,0.0,True,no,no,True,False,True
baseline,1,dev_0494,0,"NO

Fitness in biology refers to an organism's ability to survive and reproduce in",,no,True,0.0,True,no,no,True,False,True
baseline,1,dev_0527,0,YES,,yes,True,1.0,False,yes,yes,True,False,False
baseline,1,dev_0566,0,NO,,no,True,0.0,True,no,no,True,False,True
baseline,1,dev_0648,0,NO,,no,True,0.0,True,no,no,True,False,True
baseline,1,dev_0668,0,NO,,no,True,0.0,True,no,no,True,False,True
baseline,1,dev_0749,0,NO,,no,True,0.0,True,no,no,True,False,True
baseline,1,dev_0790,0,NO,,no,True,0.0,True,no,no,True,False,True
baseline,1,dev_0867,0,NO,,no,True,0.0,True,no,no,True,False,True
baseline,1,dev_0921,0,YES,,yes,True,1.0,False,yes,yes,True,False,False
baseline,1,dev_1088,0,NO,,no,True,0.0,True,no,no,True,False,True
baseline,1,dev_1329,0,NO,,no,True,0.0,True,no,no,True,False,True
baseline,1,dev_1402,0,NO,,no,True,0.0,True,no,no,True,False,True
baseline,1,dev_1428,0,NO,,no,True,0.0,True,no,no,True,False,True
baseline,1,dev_1439,0,NO,,no,True,0.0,True,no,no,True,False,True
baseline,1,dev_0020,0,YES,,yes,True,1.0,False,yes,yes,True,False,False
baseline,1,dev_0027,0,YES,,yes,True,1.0,False,yes,yes,True,False,False
baseline,1,dev_0047,0,YES,,yes,True,1.0,False,yes,yes,True,False,False
baseline,1,dev_0070,0,YES,,yes,True,1.0,False,yes,yes,True,False,False
baseline,1,dev_0086,0,YES,,yes,True,1.0,False,yes,yes,True,False,False
baseline,1,dev_0121,0,YES,,yes,True,1.0,False,yes,yes,True,False,False
baseline,1,dev_0131,0,YES,,yes,True,1.0,False,yes,yes,True,False,False
baseline,1,dev_0147,0,YES,,yes,True,1.0,False,yes,yes,True,False,False
baseline,1,dev_0159,0,NO,,no,True,0.0,True,no,no,True,False,True
baseline,1,dev_0190,0,NO,,no,True,0.0,True,no,no,True,False,True
baseline,1,dev_0195,0,YES,,yes,True,1.0,False,yes,yes,True,False,False
baseline,1,dev_0200,0,YES,,yes,True,1.0,False,yes,yes,True,False,False
baseline,1,dev_0214,0,YES,,yes,True,1.0,False,yes,yes,True,False,False
baseline,1,dev_0242,0,YES,,yes,True,1.0,False,yes,yes,True,False,False
baseline,1,dev_0522,0,YES,,yes,True,1.0,False,yes,yes,True,False,False
baseline,1,dev_0033,0,NO,,no,True,0.0,True,no,no,True,False,True
baseline,1,dev_0123,0,NO,,no,True,0.0,True,no,no,True,False,True
baseline,1,dev_0501,0,NO,,no,True,0.0,True,no,no,True,False,True
baseline,1,dev_0526,0,NO,,no,True,0.0,True,no,no,True,False,True
baseline,1,dev_1076,0,"NO

Runs can occur on any financial institution that holds deposits, not just commercial",,no,True,0.0,True,no,no,True,False,True
baseline,1,dev_1213,0,NO,,no,True,0.0,True,no,no,True,False,True
baseline,1,dev_1654,0,NO,,no,True,0.0,True,no,no,True,False,True
baseline,1,dev_1753,0,YES,,yes,True,1.0,False,yes,yes,True,False,False
baseline,1,dev_1825,0,NO,,no,True,0.0,True,no,no,True,False,True
baseline,1,dev_2911,0,NO,,no,True,0.0,True,no,no,True,False,True
baseline,1,dev_2740,0,NO,,no,True,0.0,True,no,no,True,False,True
baseline,1,dev_2517,0,NO,,no,True,0.0,True,no,no,True,False,True
baseline,1,dev_1139,0,YES,,yes,True,1.0,False,yes,yes,True,False,False
baseline,1,dev_0002,0,YES,,yes,True,1.0,False,yes,yes,True,False,False
baseline,1,dev_0773,0,YES,,yes,True,1.0,False,yes,yes,True,False,False
baseline,1,dev_1186,0,YES,,yes,True,1.0,False,yes,yes,True,False,False
baseline,1,dev_1302,0,YES,,yes,True,1.0,False,yes,yes,True,False,False
baseline,1,dev_1349,0,YES,,yes,True,1.0,False,yes,yes,True,False,False
baseline,1,dev_1771,0,YES,,yes,True,1.0,False,yes,yes,True,False,False
baseline,1,dev_1804,0,YES,,yes,True,1.0,False,yes,yes,True,False,False
baseline,1,dev_1873,0,YES,,yes,True,1.0,False,yes,yes,True,False,False
baseline,1,dev_1963,0,YES,,yes,True,1.0,False,yes,yes,True,False,False
baseline,1,dev_2582,0,YES,,yes,True,1.0,False,yes,yes,True,False,False
baseline,1,dev_2598,0,NO,,no,True,0.0,True,no,no,True,False,True
baseline,1,dev_3158,0,YES,,yes,True,1.0,False,yes,yes,True,False,False
baseline,1,dev_0551,0,YES,,yes,True,1.0,False,yes,yes,True,False,False
baseline,1,dev_1158,0,NO,,no,True,0.0,True,no,no,True,False,True
baseline,1,dev_1364,0,NO,,no,True,0.0,True,no,no,True,False,True
baseline,1,dev_1807,0,NO,,no,True,0.0,True,no,no,True,False,True
baseline,1,dev_2542,0,NO,,no,True,0.0,True,no,no,True,False,True
baseline,1,dev_2562,0,NO,,no,True,0.0,True,no,no,True,False,True
baseline,1,dev_3005,0,NO,,no,True,0.0,True,no,no,True,False,True
baseline,1,dev_3194,0,NO,,no,True,0.0,True,no,no,True,False,True
baseline,1,dev_3195,0,YES,,yes,True,1.0,False,yes,yes,True,False,False
baseline,1,dev_0013,0,NO,,no,True,0.0,True,no,no,True,False,True
baseline,1,dev_0043,0,YES,,yes,True,1.0,False,yes,yes,True,False,False
baseline,1,dev_0052,0,YES,,yes,True,1.0,False,yes,yes,True,False,False
baseline,1,dev_0091,0,NO,,no,True,0.0,True,no,no,True,False,True
baseline,1,dev_0116,0,YES,,yes,True,1.0,False,yes,yes,True,False,False
baseline,1,dev_0288,0,YES,,yes,True,1.0,False,yes,yes,True,False,False
baseline,1,dev_0555,0,YES,,yes,True,1.0,False,yes,yes,True,False,False
baseline,1,dev_0627,0,NO,,no,True,0.0,True,no,no,True,False,True
baseline,1,dev_0831,0,YES,,yes,True,1.0,False,yes,yes,True,False,False
baseline,1,dev_0721,0,NO,,no,True,0.0,True,no,no,True,False,True
baseline,1,dev_0863,0,NO,,no,True,0.0,True,no,no,True,False,True
baseline,1,dev_1357,0,NO,,no,True,0.0,True,no,no,True,False,True
baseline,1,dev_1951,0,NO,,no,True,0.0,True,no,no,True,False,True
baseline,1,dev_2131,0,NO,,no,True,0.0,True,no,no,True,False,True
baseline,1,dev_2174,0,NO,,no,True,0.0,True,no,no,True,False,True
baseline,1,dev_2252,0,NO,,no,True,0.0,True,no,no,True,False,True
baseline,1,dev_2309,0,NO,,no,True,0.0,True,no,no,True,False,True
baseline,1,dev_2364,0,NO,,no,True,0.0,True,no,no,True,False,True
baseline,1,dev_3075,0,NO,,no,True,0.0,True,no,no,True,False,True
baseline,1,dev_3205,0,NO,,no,True,0.0,True,no,no,True,False,True
baseline,1,dev_0015,0,NO,,no,True,0.0,True,no,no,True,False,True
baseline,1,dev_0153,0,YES,,yes,True,1.0,False,yes,yes,True,False,False
baseline,1,dev_0161,0,NO,,no,True,0.0,True,no,no,True,False,True
baseline,1,dev_0306,0,YES,,yes,True,1.0,False,yes,yes,True,False,False
baseline,1,dev_0334,0,NO,,no,True,0.0,True,no,no,True,False,True
baseline,1,dev_0338,0,YES,,yes,True,1.0,False,yes,yes,True,False,False
baseline,1,dev_0493,0,NO,,no,True,0.0,True,no,no,True,False,True
baseline,1,dev_0520,0,YES,,yes,True,1.0,False,yes,yes,True,False,False
baseline,1,dev_0212,0,NO,,no,True,0.0,True,no,no,True,False,True
baseline,1,dev_0309,0,NO,,no,True,0.0,True,no,no,True,False,True
baseline,1,dev_0484,0,NO,,no,True,0.0,True,no,no,True,False,True
baseline,1,dev_0654,0,NO,,no,True,0.0,True,no,no,True,False,True
baseline,1,dev_0973,0,NO,,no,True,0.0,True,no,no,True,False,True
baseline,1,dev_1335,0,NO,,no,True,0.0,True,no,no,True,False,True
baseline,1,dev_1443,0,NO,,no,True,0.0,True,no,no,True,False,True
baseline,1,dev_0284,0,NO,,no,True,0.0,True,no,no,True,False,True
baseline,1,dev_0330,0,YES,,yes,True,1.0,False,yes,yes,True,False,False
baseline,1,dev_0443,0,YES,,yes,True,1.0,False,yes,yes,True,False,False
baseline,1,dev_0975,0,YES,,yes,True,1.0,False,yes,yes,True,False,False
baseline,1,dev_1741,0,YES,,yes,True,1.0,False,yes,yes,True,False,False
baseline,1,dev_1770,0,NO,,no,True,0.0,True,no,no,True,False,True
baseline,1,dev_1860,0,NO,,no,True,0.0,True,no,no,True,False,True
baseline,1,dev_1967,0,NO,,no,True,0.0,True,no,no,True,False,True
baseline,1,dev_0236,0,NO,,no,True,0.0,True,no,no,True,False,True
baseline,1,dev_0741,0,NO,,no,True,0.0,True,no,no,True,False,True
baseline,1,dev_1440,0,NO,,no,True,0.0,True,no,no,True,False,True
baseline,1,dev_2062,0,NO,,no,True,0.0,True,no,no,True,False,True
baseline,1,dev_2109,0,YES,,yes,True,1.0,False,yes,yes,True,False,False
baseline,1,dev_2137,0,NO,,no,True,0.0,True,no,no,True,False,True
baseline,1,dev_0478,0,YES,,yes,True,1.0,False,yes,yes,True,False,False
baseline,1,dev_0545,0,YES,,yes,True,1.0,False,yes,yes,True,False,False
baseline,1,dev_1125,0,YES,,yes,True,1.0,False,yes,yes,True,False,False
baseline,1,dev_1137,0,YES,,yes,True,1.0,False,yes,yes,True,False,False
baseline,1,dev_1162,0,YES,,yes,True,1.0,False,yes,yes,True,False,False
baseline,1,dev_1177,0,YES,,yes,True,1.0,False,yes,yes,True,False,False
baseline,1,dev_1444,0,YES,,yes,True,1.0,False,yes,yes,True,False,False
baseline,1,dev_0313,0,NO,,no,True,0.0,True,no,no,True,False,True
baseline,1,dev_0823,0,NO,,no,True,0.0,True,no,no,True,False,True
baseline,1,dev_0839,0,NO,,no,True,0.0,True,no,no,True,False,True
baseline,1,dev_1222,0,NO,,no,True,0.0,True,no,no,True,False,True
baseline,1,dev_1254,0,NO,,no,True,0.0,True,no,no,True,False,True
baseline,1,dev_1269,0,NO,,no,True,0.0,True,no,no,True,False,True
baseline,1,dev_1334,0,NO,,no,True,0.0,True,no,no,True,False,True
baseline,1,dev_0184,0,NO,,no,True,0.0,True,no,no,True,False,True
baseline,1,dev_0322,0,NO,,no,True,0.0,True,no,no,True,False,True
baseline,1,dev_0557,0,YES,,yes,True,1.0,False,yes,yes,True,False,False
baseline,1,dev_0573,0,YES,,yes,True,1.0,False,yes,yes,True,False,False
baseline,1,dev_1179,0,YES,,yes,True,1.0,False,yes,yes,True,False,False
baseline,1,dev_0619,0,YES,,yes,True,1.0,False,yes,yes,True,False,False
baseline,1,dev_0650,0,YES,,yes,True,1.0,False,yes,yes,True,False,False
baseline,1,dev_0734,0,YES,,yes,True,1.0,False,yes,yes,True,False,False
baseline,1,dev_0061,0,NO,,no,True,0.0,True,no,no,True,False,True
baseline,1,dev_0124,0,NO,,no,True,0.0,True,no,no,True,False,True
baseline,1,dev_0914,0,NO,,no,True,0.0,True,no,no,True,False,True
baseline,1,dev_0955,0,YES,,yes,True,1.0,False,yes,yes,True,False,False
baseline,1,dev_1610,0,"NO

Soft-tissue damage and a sprain are not the same. Soft",,no,True,0.0,True,no,no,True,False,True
baseline,1,dev_1790,0,NO,,no,True,0.0,True,no,no,True,False,True
baseline,1,dev_2096,0,NO,,no,True,0.0,True,no,no,True,False,True
baseline,1,dev_2277,0,"NO

High dependency and intensive care are related but not the same. High dependency",,no,True,0.0,True,no,no,True,False,True
baseline,1,dev_2499,0,NO,,no,True,0.0,True,no,no,True,False,True
baseline,1,dev_1959,0,YES,,yes,True,1.0,False,yes,yes,True,False,False
baseline,1,dev_1992,0,NO,,no,True,0.0,True,no,no,True,False,True
baseline,1,dev_2047,0,YES,,yes,True,1.0,False,yes,yes,True,False,False
baseline,1,dev_1656,0,NO,,no,True,0.0,True,no,no,True,False,True
baseline,1,dev_1663,0,NO,,no,True,0.0,True,no,no,True,False,True
baseline,1,dev_1752,0,YES,,yes,True,1.0,False,yes,yes,True,False,False
baseline,1,dev_2049,0,YES,,yes,True,1.0,False,yes,yes,True,False,False
baseline,1,dev_2050,0,YES,,yes,True,1.0,False,yes,yes,True,False,False
baseline,1,dev_1442,0,YES,,yes,True,1.0,False,yes,yes,True,False,False
baseline,1,dev_0301,0,NO,,no,True,0.0,True,no,no,True,False,True
baseline,1,dev_0480,0,NO,,no,True,0.0,True,no,no,True,False,True
baseline,1,dev_1290,0,NO,,no,True,0.0,True,no,no,True,False,True
baseline,1,dev_1819,0,NO,,no,True,0.0,True,no,no,True,False,True
baseline,1,dev_2206,0,NO,,no,True,0.0,True,no,no,True,False,True
baseline,1,dev_0376,0,YES,,yes,True,1.0,False,yes,yes,True,False,False
baseline,1,dev_0346,0,YES,,yes,True,1.0,False,yes,yes,True,False,False
baseline,1,dev_0363,0,YES,,yes,True,1.0,False,yes,yes,True,False,False
baseline,1,dev_0535,0,NO,,no,True,0.0,True,no,no,True,False,True
baseline,1,dev_0629,0,YES,,yes,True,1.0,False,yes,yes,True,False,False
baseline,1,dev_0179,0,NO,,no,True,0.0,True,no,no,True,False,True
baseline,1,dev_0402,0,NO,,no,True,0.0,True,no,no,True,False,True
baseline,1,dev_0513,0,NO,,no,True,0.0,True,no,no,True,False,True
baseline,1,dev_0606,0,NO,,no,True,0.0,True,no,no,True,False,True
baseline,1,dev_0630,0,YES,,yes,True,1.0,False,yes,yes,True,False,False
baseline,1,dev_0795,0,NO,,no,True,0.0,True,no,no,True,False,True
baseline,1,dev_1457,0,NO,,no,True,0.0,True,no,no,True,False,True
baseline,1,dev_1776,0,NO,,no,True,0.0,True,no,no,True,False,True
baseline,1,dev_1862,0,NO,,no,True,0.0,True,no,no,True,False,True
baseline,1,dev_1911,0,NO,,no,True,0.0,True,no,no,True,False,True
baseline,1,dev_2755,0,NO,,no,True,0.0,True,no,no,True,False,True
baseline,1,dev_2756,0,NO,,no,True,0.0,True,no,no,True,False,True
baseline,1,dev_2921,0,NO,,no,True,0.0,True,no,no,True,False,True
baseline,1,dev_2972,0,NO,,no,True,0.0,True,no,no,True,False,True
baseline,1,dev_0009,0,YES,,yes,True,1.0,False,yes,yes,True,False,False
baseline,1,dev_0038,0,"YES, it is generally legal to record a cover of a song, provided you",,yes,True,1.0,False,yes,yes,True,False,False
baseline,1,dev_0129,0,NO,,no,True,0.0,True,no,no,True,False,True
baseline,1,dev_0202,0,YES,,yes,True,1.0,False,yes,yes,True,False,False
baseline,1,dev_0308,0,YES,,yes,True,1.0,False,yes,yes,True,False,False
baseline,1,dev_0584,0,YES,,yes,True,1.0,False,yes,yes,True,False,False
baseline,1,dev_0644,0,YES,,yes,True,1.0,False,yes,yes,True,False,False
baseline,1,dev_0653,0,YES,,yes,True,1.0,False,yes,yes,True,False,False
baseline,1,dev_0671,0,YES,,yes,True,1.0,False,yes,yes,True,False,False
baseline,1,dev_0757,0,YES,,yes,True,1.0,False,yes,yes,True,False,False
baseline,1,dev_1059,0,YES,,yes,True,1.0,False,yes,yes,True,False,False
baseline,1,dev_1067,0,YES,,yes,True,1.0,False,yes,yes,True,False,False
baseline,1,dev_1097,0,YES,,yes,True,1.0,False,yes,yes,True,False,False
baseline,1,dev_1131,0,YES,,yes,True,1.0,False,yes,yes,True,False,False
baseline,1,dev_1324,0,YES,,yes,True,1.0,False,yes,yes,True,False,False
baseline,1,dev_0305,0,NO,,no,True,0.0,True,no,no,True,False,True
baseline,1,dev_0465,0,NO,,no,True,0.0,True,no,no,True,False,True
baseline,1,dev_0508,0,NO,,no,True,0.0,True,no,no,True,False,True
baseline,1,dev_0518,0,YES,,yes,True,1.0,False,yes,yes,True,False,False
baseline,1,dev_0572,0,NO,,no,True,0.0,True,no,no,True,False,True
baseline,1,dev_0898,0,NO,,no,True,0.0,True,no,no,True,False,True
baseline,1,dev_1154,0,NO,,no,True,0.0,True,no,no,True,False,True
baseline,1,dev_1221,0,NO,,no,True,0.0,True,no,no,True,False,True
baseline,1,dev_1244,0,NO,,no,True,0.0,True,no,no,True,False,True
baseline,1,dev_1245,0,NO,,no,True,0.0,True,no,no,True,False,True
baseline,1,dev_1273,0,NO,,no,True,0.0,True,no,no,True,False,True
baseline,1,dev_0647,0,YES,,yes,True,1.0,False,yes,yes,True,False,False
baseline,1,dev_0254,0,YES,,yes,True,1.0,False,yes,yes,True,False,False
baseline,1,dev_0486,0,YES,,yes,True,1.0,False,yes,yes,True,False,False
baseline,1,dev_0736,0,NO,,no,True,0.0,True,no,no,True,False,True
baseline,1,dev_0814,0,NO,,no,True,0.0,True,no,no,True,False,True
baseline,1,dev_1477,0,YES,,yes,True,1.0,False,yes,yes,True,False,False
baseline,1,dev_1721,0,YES,,yes,True,1.0,False,yes,yes,True,False,False
baseline,1,dev_1786,0,YES,,yes,True,1.0,False,yes,yes,True,False,False
baseline,1,dev_1970,0,YES,,yes,True,1.0,False,yes,yes,True,False,False
baseline,1,dev_1985,0,YES,,yes,True,1.0,False,yes,yes,True,False,False
baseline,1,dev_2448,0,NO,,no,True,0.0,True,no,no,True,False,True
baseline,1,dev_0066,0,"NO

Explanation: A triangle can have at most one right angle (90 degrees",,no,True,0.0,True,no,no,True,False,True
baseline,1,dev_0088,0,YES,,yes,True,1.0,False,yes,yes,True,False,False
baseline,1,dev_0196,0,YES,,yes,True,1.0,False,yes,yes,True,False,False
baseline,1,dev_0262,0,YES,,yes,True,1.0,False,yes,yes,True,False,False
baseline,1,dev_0271,0,YES,,yes,True,1.0,False,yes,yes,True,False,False
baseline,1,dev_0329,0,NO,,no,True,0.0,True,no,no,True,False,True
baseline,1,dev_0331,0,YES,,yes,True,1.0,False,yes,yes,True,False,False
baseline,1,dev_0387,0,YES,,yes,True,1.0,False,yes,yes,True,False,False
baseline,1,dev_0418,0,NO,,no,True,0.0,True,no,no,True,False,True
baseline,1,dev_0616,0,YES,,yes,True,1.0,False,yes,yes,True,False,False
baseline,1,dev_0638,0,YES,,yes,True,1.0,False,yes,yes,True,False,False
baseline,1,dev_0657,0,"NO

Yield stress and yield strength are related concepts in materials science, but they",,no,True,0.0,True,no,no,True,False,True
baseline,1,dev_0692,0,YES,,yes,True,1.0,False,yes,yes,True,False,False
baseline,1,dev_0744,0,"NO

A polynomial is an expression consisting of variables and coefficients, involving only the",,no,True,0.0,True,no,no,True,False,True
baseline,1,dev_0797,0,YES,,yes,True,1.0,False,yes,yes,True,False,False
baseline,1,dev_0842,0,YES,,yes,True,1.0,False,yes,yes,True,False,False
baseline,1,dev_1379,0,YES,,yes,True,1.0,False,yes,yes,True,False,False
baseline,1,dev_0126,0,NO,,no,True,0.0,True,no,no,True,False,True
baseline,1,dev_0342,0,NO,,no,True,0.0,True,no,no,True,False,True
baseline,1,dev_0437,0,NO,,no,True,0.0,True,no,no,True,False,True
baseline,1,dev_0553,0,NO,,no,True,0.0,True,no,no,True,False,True
baseline,1,dev_0652,0,NO,,no,True,0.0,True,no,no,True,False,True
baseline,1,dev_0708,0,NO,,no,True,0.0,True,no,no,True,False,True
baseline,1,dev_1083,0,NO,,no,True,0.0,True,no,no,True,False,True
baseline,1,dev_1142,0,NO,,no,True,0.0,True,no,no,True,False,True
baseline,1,dev_1354,0,NO,,no,True,0.0,True,no,no,True,False,True
baseline,1,dev_1460,0,NO,,no,True,0.0,True,no,no,True,False,True
baseline,1,dev_1468,0,NO,,no,True,0.0,True,no,no,True,False,True
baseline,1,dev_1559,0,YES,,yes,True,1.0,False,yes,yes,True,False,False
baseline,1,dev_1595,0,"NO

Reverse osmosis water and deionized water are not the same.",,no,True,0.0,True,no,no,True,False,True
baseline,1,dev_1643,0,NO,,no,True,0.0,True,no,no,True,False,True
baseline,1,dev_1692,0,NO,,no,True,0.0,True,no,no,True,False,True
baseline,1,dev_1726,0,NO,,no,True,0.0,True,no,no,True,False,True
baseline,1,dev_0008,0,YES,,yes,True,1.0,False,yes,yes,True,False,False
baseline,1,dev_0323,0,YES,,yes,True,1.0,False,yes,yes,True,False,False
baseline,1,dev_0794,0,YES,,yes,True,1.0,False,yes,yes,True,False,False
baseline,1,dev_0866,0,YES,,yes,True,1.0,False,yes,yes,True,False,False
baseline,1,dev_0910,0,YES,,yes,True,1.0,False,yes,yes,True,False,False
baseline,1,dev_0992,0,YES,,yes,True,1.0,False,yes,yes,True,False,False
baseline,1,dev_1446,0,YES,,yes,True,1.0,False,yes,yes,True,False,False
baseline,1,dev_0294,0,NO,,no,True,0.0,True,no,no,True,False,True
baseline,1,dev_0521,0,NO,,no,True,0.0,True,no,no,True,False,True
baseline,1,dev_0943,0,NO,,no,True,0.0,True,no,no,True,False,True
baseline,1,dev_1887,0,NO,,no,True,0.0,True,no,no,True,False,True
baseline,1,dev_2892,0,NO,,no,True,0.0,True,no,no,True,False,True
baseline,1,dev_2691,0,NO,,no,True,0.0,True,no,no,True,False,True
baseline,1,dev_0065,0,YES,,yes,True,1.0,False,yes,yes,True,False,False
baseline,1,dev_0245,0,YES,,yes,True,1.0,False,yes,yes,True,False,False
baseline,1,dev_0315,0,YES,,yes,True,1.0,False,yes,yes,True,False,False
baseline,1,dev_0361,0,NO,,no,True,0.0,True,no,no,True,False,True
baseline,1,dev_0550,0,YES,,yes,True,1.0,False,yes,yes,True,False,False
baseline,1,dev_0595,0,NO,,no,True,0.0,True,no,no,True,False,True
baseline,1,dev_0966,0,YES,,yes,True,1.0,False,yes,yes,True,False,False
baseline,1,dev_1078,0,YES,,yes,True,1.0,False,yes,yes,True,False,False
baseline,1,dev_1224,0,NO,,no,True,0.0,True,no,no,True,False,True
baseline,1,dev_1251,0,YES,,yes,True,1.0,False,yes,yes,True,False,False
baseline,1,dev_1260,0,YES,,yes,True,1.0,False,yes,yes,True,False,False
baseline,1,dev_1278,0,YES,,yes,True,1.0,False,yes,yes,True,False,False
baseline,1,dev_1462,0,YES,,yes,True,1.0,False,yes,yes,True,False,False
baseline,1,dev_1494,0,NO,,no,True,0.0,True,no,no,True,False,True
baseline,1,dev_1543,0,YES,,yes,True,1.0,False,yes,yes,True,False,False
baseline,1,dev_2012,0,YES,,yes,True,1.0,False,yes,yes,True,False,False
baseline,1,dev_2118,0,YES,,yes,True,1.0,False,yes,yes,True,False,False
baseline,1,dev_2272,0,YES,,yes,True,1.0,False,yes,yes,True,False,False
baseline,1,dev_2338,0,YES,,yes,True,1.0,False,yes,yes,True,False,False
baseline,1,dev_2498,0,YES,,yes,True,1.0,False,yes,yes,True,False,False
baseline,1,dev_2509,0,YES,,yes,True,1.0,False,yes,yes,True,False,False
baseline,1,dev_2917,0,YES,,yes,True,1.0,False,yes,yes,True,False,False
baseline,1,dev_2966,0,NO,,no,True,0.0,True,no,no,True,False,True
baseline,1,dev_2974,0,YES,,yes,True,1.0,False,yes,yes,True,False,False
baseline,1,dev_3007,0,YES,,yes,True,1.0,False,yes,yes,True,False,False
baseline,1,dev_3199,0,YES,,yes,True,1.0,False,yes,yes,True,False,False
baseline,1,dev_0222,0,NO,,no,True,0.0,True,no,no,True,False,True
baseline,1,dev_0398,0,YES,,yes,True,1.0,False,yes,yes,True,False,False
baseline,1,dev_0426,0,NO,,no,True,0.0,True,no,no,True,False,True
baseline,1,dev_0464,0,NO,,no,True,0.0,True,no,no,True,False,True
baseline,1,dev_0563,0,NO,,no,True,0.0,True,no,no,True,False,True
baseline,1,dev_0658,0,NO,,no,True,0.0,True,no,no,True,False,True
baseline,1,dev_1366,0,NO,,no,True,0.0,True,no,no,True,False,True
baseline,1,dev_1471,0,NO,,no,True,0.0,True,no,no,True,False,True
baseline,1,dev_1558,0,NO,,no,True,0.0,True,no,no,True,False,True
baseline,1,dev_1580,0,NO,,no,True,0.0,True,no,no,True,False,True
baseline,1,dev_2401,0,NO,,no,True,0.0,True,no,no,True,False,True
baseline,1,dev_2436,0,NO,,no,True,0.0,True,no,no,True,False,True
baseline,1,dev_3224,0,NO,,no,True,0.0,True,no,no,True,False,True
baseline,1,dev_0022,0,YES,,yes,True,1.0,False,yes,yes,True,False,False
baseline,1,dev_0132,0,YES,,yes,True,1.0,False,yes,yes,True,False,False
baseline,1,dev_0193,0,YES,,yes,True,1.0,False,yes,yes,True,False,False
baseline,1,dev_0268,0,YES,,yes,True,1.0,False,yes,yes,True,False,False
baseline,1,dev_0646,0,"NO

Multithreading is primarily useful in a multi-processor or multi-core",,no,True,0.0,True,no,no,True,False,True
baseline,1,dev_0697,0,YES,,yes,True,1.0,False,yes,yes,True,False,False
baseline,1,dev_0935,0,YES,,yes,True,1.0,False,yes,yes,True,False,False
baseline,1,dev_1159,0,"YES

High-level languages can indeed use assemblers. An assembler is a tool",,yes,True,1.0,False,yes,yes,True,False,False
baseline,1,dev_1376,0,YES,,yes,True,1.0,False,yes,yes,True,False,False
baseline,1,dev_1646,0,NO,,no,True,0.0,True,no,no,True,False,True
baseline,1,dev_1869,0,YES,,yes,True,1.0,False,yes,yes,True,False,False
baseline,1,dev_2397,0,YES,,yes,True,1.0,False,yes,yes,True,False,False
baseline,1,dev_0512,0,NO,,no,True,0.0,True,no,no,True,False,True
baseline,1,dev_1524,0,NO,,no,True,0.0,True,no,no,True,False,True
baseline,1,dev_1675,0,"NO

Input lag and response time are related but not the same thing. Input",,no,True,0.0,True,no,no,True,False,True
baseline,1,dev_1723,0,NO,,no,True,0.0,True,no,no,True,False,True
baseline,1,dev_2027,0,NO,,no,True,0.0,True,no,no,True,False,True
baseline,1,dev_2104,0,NO,,no,True,0.0,True,no,no,True,False,True
baseline,1,dev_2262,0,NO,,no,True,0.0,True,no,no,True,False,True
baseline,1,dev_2431,0,NO,,no,True,0.0,True,no,no,True,False,True
baseline,1,dev_2524,0,NO,,no,True,0.0,True,no,no,True,False,True
baseline,1,dev_3057,0,NO,,no,True,0.0,True,no,no,True,False,True
baseline,1,dev_3167,0,NO,,no,True,0.0,True,no,no,True,False,True
